2026-03-28 00:00:17 [DiscoveryClient-HeartbeatExecutor-%d] DEBUG o.s.web.client.RestTemplate - HTTP PUT http://localhost:8761/eureka/apps/AUTH-SERVICE/DESKTOP-I56EJUR:auth-service:8086?status=UP&lastDirtyTimestamp=1774624619938
2026-03-28 00:00:18 [DiscoveryClient-HeartbeatExecutor-%d] DEBUG o.s.web.client.RestTemplate - Accept=[application/json, application/*+json]
2026-03-28 00:00:17 [DiscoveryClient-CacheRefreshExecutor-%d] DEBUG o.s.web.client.RestTemplate - HTTP GET http://localhost:8761/eureka/apps/delta
2026-03-28 00:00:18 [DiscoveryClient-CacheRefreshExecutor-%d] DEBUG o.s.web.client.RestTemplate - Accept=[application/json, application/*+json]
2026-03-28 00:00:18 [DiscoveryClient-CacheRefreshExecutor-%d] DEBUG o.s.web.client.RestTemplate - Response 200 OK
2026-03-28 00:00:18 [DiscoveryClient-CacheRefreshExecutor-%d] DEBUG o.s.web.client.RestTemplate - Reading to [org.springframework.cloud.netflix.eureka.http.EurekaApplications]
2026-03-28 00:00:18 [DiscoveryClient-HeartbeatExecutor-%d] DEBUG o.s.web.client.RestTemplate - Response 200 OK
2026-03-28 00:00:48 [DiscoveryClient-CacheRefreshExecutor-%d] DEBUG o.s.web.client.RestTemplate - HTTP GET http://localhost:8761/eureka/apps/delta
2026-03-28 00:00:48 [DiscoveryClient-HeartbeatExecutor-%d] DEBUG o.s.web.client.RestTemplate - HTTP PUT http://localhost:8761/eureka/apps/AUTH-SERVICE/DESKTOP-I56EJUR:auth-service:8086?status=UP&lastDirtyTimestamp=1774624619938
2026-03-28 00:00:48 [DiscoveryClient-CacheRefreshExecutor-%d] DEBUG o.s.web.client.RestTemplate - Accept=[application/json, application/*+json]
2026-03-28 00:00:48 [DiscoveryClient-HeartbeatExecutor-%d] DEBUG o.s.web.client.RestTemplate - Accept=[application/json, application/*+json]
2026-03-28 00:00:48 [DiscoveryClient-HeartbeatExecutor-%d] DEBUG o.s.web.client.RestTemplate - Response 200 OK
2026-03-28 00:00:48 [DiscoveryClient-CacheRefreshExecutor-%d] DEBUG o.s.web.client.RestTemplate - Response 200 OK
2026-03-28 00:00:48 [DiscoveryClient-CacheRefreshExecutor-%d] DEBUG o.s.web.client.RestTemplate - Reading to [org.springframework.cloud.netflix.eureka.http.EurekaApplications]
2026-03-28 00:01:18 [DiscoveryClient-HeartbeatExecutor-%d] DEBUG o.s.web.client.RestTemplate - HTTP PUT http://localhost:8761/eureka/apps/AUTH-SERVICE/DESKTOP-I56EJUR:auth-service:8086?status=UP&lastDirtyTimestamp=1774624619938
2026-03-28 00:01:18 [DiscoveryClient-HeartbeatExecutor-%d] DEBUG o.s.web.client.RestTemplate - Accept=[application/json, application/*+json]
2026-03-28 00:01:18 [DiscoveryClient-CacheRefreshExecutor-%d] DEBUG o.s.web.client.RestTemplate - HTTP GET http://localhost:8761/eureka/apps/delta
2026-03-28 00:01:18 [DiscoveryClient-CacheRefreshExecutor-%d] DEBUG o.s.web.client.RestTemplate - Accept=[application/json, application/*+json]
2026-03-28 00:01:18 [DiscoveryClient-HeartbeatExecutor-%d] DEBUG o.s.web.client.RestTemplate - Response 200 OK
2026-03-28 00:01:18 [DiscoveryClient-CacheRefreshExecutor-%d] DEBUG o.s.web.client.RestTemplate - Response 200 OK
2026-03-28 00:01:18 [DiscoveryClient-CacheRefreshExecutor-%d] DEBUG o.s.web.client.RestTemplate - Reading to [org.springframework.cloud.netflix.eureka.http.EurekaApplications]
2026-03-28 00:01:48 [DiscoveryClient-HeartbeatExecutor-%d] DEBUG o.s.web.client.RestTemplate - HTTP PUT http://localhost:8761/eureka/apps/AUTH-SERVICE/DESKTOP-I56EJUR:auth-service:8086?status=UP&lastDirtyTimestamp=1774624619938
2026-03-28 00:01:48 [DiscoveryClient-HeartbeatExecutor-%d] DEBUG o.s.web.client.RestTemplate - Accept=[application/json, application/*+json]
2026-03-28 00:01:48 [DiscoveryClient-CacheRefreshExecutor-%d] DEBUG o.s.web.client.RestTemplate - HTTP GET http://localhost:8761/eureka/apps/delta
2026-03-28 00:01:48 [DiscoveryClient-CacheRefreshExecutor-%d] DEBUG o.s.web.client.RestTemplate - Accept=[application/json, application/*+json]
2026-03-28 00:01:48 [DiscoveryClient-HeartbeatExecutor-%d] DEBUG o.s.web.client.RestTemplate - Response 200 OK
2026-03-28 00:01:48 [DiscoveryClient-CacheRefreshExecutor-%d] DEBUG o.s.web.client.RestTemplate - Response 200 OK
2026-03-28 00:01:48 [DiscoveryClient-CacheRefreshExecutor-%d] DEBUG o.s.web.client.RestTemplate - Reading to [org.springframework.cloud.netflix.eureka.http.EurekaApplications]
2026-03-28 00:02:14 [AsyncResolver-bootstrap-executor-%d] INFO  c.n.d.s.r.aws.ConfigClusterResolver - Resolving eureka endpoints via configuration
2026-03-28 00:02:18 [DiscoveryClient-HeartbeatExecutor-%d] DEBUG o.s.web.client.RestTemplate - HTTP PUT http://localhost:8761/eureka/apps/AUTH-SERVICE/DESKTOP-I56EJUR:auth-service:8086?status=UP&lastDirtyTimestamp=1774624619938
2026-03-28 00:02:18 [DiscoveryClient-HeartbeatExecutor-%d] DEBUG o.s.web.client.RestTemplate - Accept=[application/json, application/*+json]
2026-03-28 00:02:18 [DiscoveryClient-CacheRefreshExecutor-%d] DEBUG o.s.web.client.RestTemplate - HTTP GET http://localhost:8761/eureka/apps/delta
2026-03-28 00:02:18 [DiscoveryClient-CacheRefreshExecutor-%d] DEBUG o.s.web.client.RestTemplate - Accept=[application/json, application/*+json]
2026-03-28 00:02:18 [DiscoveryClient-HeartbeatExecutor-%d] DEBUG o.s.web.client.RestTemplate - Response 200 OK
2026-03-28 00:02:18 [DiscoveryClient-CacheRefreshExecutor-%d] DEBUG o.s.web.client.RestTemplate - Response 200 OK
2026-03-28 00:02:18 [DiscoveryClient-CacheRefreshExecutor-%d] DEBUG o.s.web.client.RestTemplate - Reading to [org.springframework.cloud.netflix.eureka.http.EurekaApplications]
2026-03-28 00:02:48 [DiscoveryClient-HeartbeatExecutor-%d] DEBUG o.s.web.client.RestTemplate - HTTP PUT http://localhost:8761/eureka/apps/AUTH-SERVICE/DESKTOP-I56EJUR:auth-service:8086?status=UP&lastDirtyTimestamp=1774624619938
2026-03-28 00:02:48 [DiscoveryClient-HeartbeatExecutor-%d] DEBUG o.s.web.client.RestTemplate - Accept=[application/json, application/*+json]
2026-03-28 00:02:48 [DiscoveryClient-CacheRefreshExecutor-%d] DEBUG o.s.web.client.RestTemplate - HTTP GET http://localhost:8761/eureka/apps/delta
2026-03-28 00:02:48 [DiscoveryClient-CacheRefreshExecutor-%d] DEBUG o.s.web.client.RestTemplate - Accept=[application/json, application/*+json]
2026-03-28 00:02:48 [DiscoveryClient-HeartbeatExecutor-%d] DEBUG o.s.web.client.RestTemplate - Response 200 OK
2026-03-28 00:02:48 [DiscoveryClient-CacheRefreshExecutor-%d] DEBUG o.s.web.client.RestTemplate - Response 200 OK
2026-03-28 00:02:48 [DiscoveryClient-CacheRefreshExecutor-%d] DEBUG o.s.web.client.RestTemplate - Reading to [org.springframework.cloud.netflix.eureka.http.EurekaApplications]
2026-03-28 00:03:18 [DiscoveryClient-HeartbeatExecutor-%d] DEBUG o.s.web.client.RestTemplate - HTTP PUT http://localhost:8761/eureka/apps/AUTH-SERVICE/DESKTOP-I56EJUR:auth-service:8086?status=UP&lastDirtyTimestamp=1774624619938
2026-03-28 00:03:18 [DiscoveryClient-HeartbeatExecutor-%d] DEBUG o.s.web.client.RestTemplate - Accept=[application/json, application/*+json]
2026-03-28 00:03:18 [DiscoveryClient-CacheRefreshExecutor-%d] DEBUG o.s.web.client.RestTemplate - HTTP GET http://localhost:8761/eureka/apps/delta
2026-03-28 00:03:18 [DiscoveryClient-CacheRefreshExecutor-%d] DEBUG o.s.web.client.RestTemplate - Accept=[application/json, application/*+json]
2026-03-28 00:03:18 [DiscoveryClient-HeartbeatExecutor-%d] DEBUG o.s.web.client.RestTemplate - Response 200 OK
2026-03-28 00:03:18 [DiscoveryClient-CacheRefreshExecutor-%d] DEBUG o.s.web.client.RestTemplate - Response 200 OK
2026-03-28 00:03:18 [DiscoveryClient-CacheRefreshExecutor-%d] DEBUG o.s.web.client.RestTemplate - Reading to [org.springframework.cloud.netflix.eureka.http.EurekaApplications]
2026-03-28 00:03:48 [DiscoveryClient-HeartbeatExecutor-%d] DEBUG o.s.web.client.RestTemplate - HTTP PUT http://localhost:8761/eureka/apps/AUTH-SERVICE/DESKTOP-I56EJUR:auth-service:8086?status=UP&lastDirtyTimestamp=1774624619938
2026-03-28 00:03:48 [DiscoveryClient-HeartbeatExecutor-%d] DEBUG o.s.web.client.RestTemplate - Accept=[application/json, application/*+json]
2026-03-28 00:03:48 [DiscoveryClient-CacheRefreshExecutor-%d] DEBUG o.s.web.client.RestTemplate - HTTP GET http://localhost:8761/eureka/apps/delta
2026-03-28 00:03:48 [DiscoveryClient-CacheRefreshExecutor-%d] DEBUG o.s.web.client.RestTemplate - Accept=[application/json, application/*+json]
2026-03-28 00:03:48 [DiscoveryClient-HeartbeatExecutor-%d] DEBUG o.s.web.client.RestTemplate - Response 200 OK
2026-03-28 00:03:48 [DiscoveryClient-CacheRefreshExecutor-%d] DEBUG o.s.web.client.RestTemplate - Response 200 OK
2026-03-28 00:03:48 [DiscoveryClient-CacheRefreshExecutor-%d] DEBUG o.s.web.client.RestTemplate - Reading to [org.springframework.cloud.netflix.eureka.http.EurekaApplications]
2026-03-28 00:04:18 [DiscoveryClient-HeartbeatExecutor-%d] DEBUG o.s.web.client.RestTemplate - HTTP PUT http://localhost:8761/eureka/apps/AUTH-SERVICE/DESKTOP-I56EJUR:auth-service:8086?status=UP&lastDirtyTimestamp=1774624619938
2026-03-28 00:04:18 [DiscoveryClient-HeartbeatExecutor-%d] DEBUG o.s.web.client.RestTemplate - Accept=[application/json, application/*+json]
2026-03-28 00:04:18 [DiscoveryClient-CacheRefreshExecutor-%d] DEBUG o.s.web.client.RestTemplate - HTTP GET http://localhost:8761/eureka/apps/delta
2026-03-28 00:04:18 [DiscoveryClient-CacheRefreshExecutor-%d] DEBUG o.s.web.client.RestTemplate - Accept=[application/json, application/*+json]
2026-03-28 00:04:18 [DiscoveryClient-HeartbeatExecutor-%d] DEBUG o.s.web.client.RestTemplate - Response 200 OK
2026-03-28 00:04:18 [DiscoveryClient-CacheRefreshExecutor-%d] DEBUG o.s.web.client.RestTemplate - Response 200 OK
2026-03-28 00:04:18 [DiscoveryClient-CacheRefreshExecutor-%d] DEBUG o.s.web.client.RestTemplate - Reading to [org.springframework.cloud.netflix.eureka.http.EurekaApplications]
2026-03-28 00:04:48 [DiscoveryClient-HeartbeatExecutor-%d] DEBUG o.s.web.client.RestTemplate - HTTP PUT http://localhost:8761/eureka/apps/AUTH-SERVICE/DESKTOP-I56EJUR:auth-service:8086?status=UP&lastDirtyTimestamp=1774624619938
2026-03-28 00:04:48 [DiscoveryClient-HeartbeatExecutor-%d] DEBUG o.s.web.client.RestTemplate - Accept=[application/json, application/*+json]
2026-03-28 00:04:48 [DiscoveryClient-CacheRefreshExecutor-%d] DEBUG o.s.web.client.RestTemplate - HTTP GET http://localhost:8761/eureka/apps/delta
2026-03-28 00:04:48 [DiscoveryClient-CacheRefreshExecutor-%d] DEBUG o.s.web.client.RestTemplate - Accept=[application/json, application/*+json]
2026-03-28 00:04:48 [DiscoveryClient-HeartbeatExecutor-%d] DEBUG o.s.web.client.RestTemplate - Response 200 OK
2026-03-28 00:04:48 [DiscoveryClient-CacheRefreshExecutor-%d] DEBUG o.s.web.client.RestTemplate - Response 200 OK
2026-03-28 00:04:48 [DiscoveryClient-CacheRefreshExecutor-%d] DEBUG o.s.web.client.RestTemplate - Reading to [org.springframework.cloud.netflix.eureka.http.EurekaApplications]
2026-03-28 00:05:18 [DiscoveryClient-HeartbeatExecutor-%d] DEBUG o.s.web.client.RestTemplate - HTTP PUT http://localhost:8761/eureka/apps/AUTH-SERVICE/DESKTOP-I56EJUR:auth-service:8086?status=UP&lastDirtyTimestamp=1774624619938
2026-03-28 00:05:18 [DiscoveryClient-HeartbeatExecutor-%d] DEBUG o.s.web.client.RestTemplate - Accept=[application/json, application/*+json]
2026-03-28 00:05:18 [DiscoveryClient-CacheRefreshExecutor-%d] DEBUG o.s.web.client.RestTemplate - HTTP GET http://localhost:8761/eureka/apps/delta
2026-03-28 00:05:18 [DiscoveryClient-CacheRefreshExecutor-%d] DEBUG o.s.web.client.RestTemplate - Accept=[application/json, application/*+json]
2026-03-28 00:05:18 [DiscoveryClient-HeartbeatExecutor-%d] DEBUG o.s.web.client.RestTemplate - Response 200 OK
2026-03-28 00:05:18 [DiscoveryClient-CacheRefreshExecutor-%d] DEBUG o.s.web.client.RestTemplate - Response 200 OK
2026-03-28 00:05:18 [DiscoveryClient-CacheRefreshExecutor-%d] DEBUG o.s.web.client.RestTemplate - Reading to [org.springframework.cloud.netflix.eureka.http.EurekaApplications]
2026-03-28 00:05:48 [DiscoveryClient-HeartbeatExecutor-%d] DEBUG o.s.web.client.RestTemplate - HTTP PUT http://localhost:8761/eureka/apps/AUTH-SERVICE/DESKTOP-I56EJUR:auth-service:8086?status=UP&lastDirtyTimestamp=1774624619938
2026-03-28 00:05:48 [DiscoveryClient-HeartbeatExecutor-%d] DEBUG o.s.web.client.RestTemplate - Accept=[application/json, application/*+json]
2026-03-28 00:05:48 [DiscoveryClient-HeartbeatExecutor-%d] DEBUG o.s.web.client.RestTemplate - Response 200 OK
2026-03-28 00:05:48 [DiscoveryClient-CacheRefreshExecutor-%d] DEBUG o.s.web.client.RestTemplate - HTTP GET http://localhost:8761/eureka/apps/delta
2026-03-28 00:05:48 [DiscoveryClient-CacheRefreshExecutor-%d] DEBUG o.s.web.client.RestTemplate - Accept=[application/json, application/*+json]
2026-03-28 00:05:48 [DiscoveryClient-CacheRefreshExecutor-%d] DEBUG o.s.web.client.RestTemplate - Response 200 OK
2026-03-28 00:05:48 [DiscoveryClient-CacheRefreshExecutor-%d] DEBUG o.s.web.client.RestTemplate - Reading to [org.springframework.cloud.netflix.eureka.http.EurekaApplications]
2026-03-28 00:06:18 [DiscoveryClient-HeartbeatExecutor-%d] DEBUG o.s.web.client.RestTemplate - HTTP PUT http://localhost:8761/eureka/apps/AUTH-SERVICE/DESKTOP-I56EJUR:auth-service:8086?status=UP&lastDirtyTimestamp=1774624619938
2026-03-28 00:06:18 [DiscoveryClient-HeartbeatExecutor-%d] DEBUG o.s.web.client.RestTemplate - Accept=[application/json, application/*+json]
2026-03-28 00:06:18 [DiscoveryClient-CacheRefreshExecutor-%d] DEBUG o.s.web.client.RestTemplate - HTTP GET http://localhost:8761/eureka/apps/delta
2026-03-28 00:06:18 [DiscoveryClient-CacheRefreshExecutor-%d] DEBUG o.s.web.client.RestTemplate - Accept=[application/json, application/*+json]
2026-03-28 00:06:18 [DiscoveryClient-HeartbeatExecutor-%d] DEBUG o.s.web.client.RestTemplate - Response 200 OK
2026-03-28 00:06:18 [DiscoveryClient-CacheRefreshExecutor-%d] DEBUG o.s.web.client.RestTemplate - Response 200 OK
2026-03-28 00:06:18 [DiscoveryClient-CacheRefreshExecutor-%d] DEBUG o.s.web.client.RestTemplate - Reading to [org.springframework.cloud.netflix.eureka.http.EurekaApplications]
2026-03-28 00:06:48 [DiscoveryClient-HeartbeatExecutor-%d] DEBUG o.s.web.client.RestTemplate - HTTP PUT http://localhost:8761/eureka/apps/AUTH-SERVICE/DESKTOP-I56EJUR:auth-service:8086?status=UP&lastDirtyTimestamp=1774624619938
2026-03-28 00:06:48 [DiscoveryClient-HeartbeatExecutor-%d] DEBUG o.s.web.client.RestTemplate - Accept=[application/json, application/*+json]
2026-03-28 00:06:48 [DiscoveryClient-CacheRefreshExecutor-%d] DEBUG o.s.web.client.RestTemplate - HTTP GET http://localhost:8761/eureka/apps/delta
2026-03-28 00:06:48 [DiscoveryClient-CacheRefreshExecutor-%d] DEBUG o.s.web.client.RestTemplate - Accept=[application/json, application/*+json]
2026-03-28 00:06:48 [DiscoveryClient-HeartbeatExecutor-%d] DEBUG o.s.web.client.RestTemplate - Response 200 OK
2026-03-28 00:06:48 [DiscoveryClient-CacheRefreshExecutor-%d] DEBUG o.s.web.client.RestTemplate - Response 200 OK
2026-03-28 00:06:48 [DiscoveryClient-CacheRefreshExecutor-%d] DEBUG o.s.web.client.RestTemplate - Reading to [org.springframework.cloud.netflix.eureka.http.EurekaApplications]
2026-03-28 00:07:14 [AsyncResolver-bootstrap-executor-%d] INFO  c.n.d.s.r.aws.ConfigClusterResolver - Resolving eureka endpoints via configuration
2026-03-28 00:07:18 [DiscoveryClient-HeartbeatExecutor-%d] DEBUG o.s.web.client.RestTemplate - HTTP PUT http://localhost:8761/eureka/apps/AUTH-SERVICE/DESKTOP-I56EJUR:auth-service:8086?status=UP&lastDirtyTimestamp=1774624619938
2026-03-28 00:07:18 [DiscoveryClient-HeartbeatExecutor-%d] DEBUG o.s.web.client.RestTemplate - Accept=[application/json, application/*+json]
2026-03-28 00:07:18 [DiscoveryClient-HeartbeatExecutor-%d] DEBUG o.s.web.client.RestTemplate - Response 200 OK
2026-03-28 00:07:18 [DiscoveryClient-CacheRefreshExecutor-%d] DEBUG o.s.web.client.RestTemplate - HTTP GET http://localhost:8761/eureka/apps/delta
2026-03-28 00:07:18 [DiscoveryClient-CacheRefreshExecutor-%d] DEBUG o.s.web.client.RestTemplate - Accept=[application/json, application/*+json]
2026-03-28 00:07:18 [DiscoveryClient-CacheRefreshExecutor-%d] DEBUG o.s.web.client.RestTemplate - Response 200 OK
2026-03-28 00:07:18 [DiscoveryClient-CacheRefreshExecutor-%d] DEBUG o.s.web.client.RestTemplate - Reading to [org.springframework.cloud.netflix.eureka.http.EurekaApplications]
2026-03-28 00:07:48 [DiscoveryClient-HeartbeatExecutor-%d] DEBUG o.s.web.client.RestTemplate - HTTP PUT http://localhost:8761/eureka/apps/AUTH-SERVICE/DESKTOP-I56EJUR:auth-service:8086?status=UP&lastDirtyTimestamp=1774624619938
2026-03-28 00:07:48 [DiscoveryClient-HeartbeatExecutor-%d] DEBUG o.s.web.client.RestTemplate - Accept=[application/json, application/*+json]
2026-03-28 00:07:48 [DiscoveryClient-CacheRefreshExecutor-%d] DEBUG o.s.web.client.RestTemplate - HTTP GET http://localhost:8761/eureka/apps/delta
2026-03-28 00:07:48 [DiscoveryClient-CacheRefreshExecutor-%d] DEBUG o.s.web.client.RestTemplate - Accept=[application/json, application/*+json]
2026-03-28 00:07:48 [DiscoveryClient-HeartbeatExecutor-%d] DEBUG o.s.web.client.RestTemplate - Response 200 OK
2026-03-28 00:07:48 [DiscoveryClient-CacheRefreshExecutor-%d] DEBUG o.s.web.client.RestTemplate - Response 200 OK
2026-03-28 00:07:48 [DiscoveryClient-CacheRefreshExecutor-%d] DEBUG o.s.web.client.RestTemplate - Reading to [org.springframework.cloud.netflix.eureka.http.EurekaApplications]
2026-03-28 00:08:18 [DiscoveryClient-HeartbeatExecutor-%d] DEBUG o.s.web.client.RestTemplate - HTTP PUT http://localhost:8761/eureka/apps/AUTH-SERVICE/DESKTOP-I56EJUR:auth-service:8086?status=UP&lastDirtyTimestamp=1774624619938
2026-03-28 00:08:18 [DiscoveryClient-HeartbeatExecutor-%d] DEBUG o.s.web.client.RestTemplate - Accept=[application/json, application/*+json]
2026-03-28 00:08:18 [DiscoveryClient-CacheRefreshExecutor-%d] DEBUG o.s.web.client.RestTemplate - HTTP GET http://localhost:8761/eureka/apps/delta
2026-03-28 00:08:18 [DiscoveryClient-CacheRefreshExecutor-%d] DEBUG o.s.web.client.RestTemplate - Accept=[application/json, application/*+json]
2026-03-28 00:08:18 [DiscoveryClient-HeartbeatExecutor-%d] DEBUG o.s.web.client.RestTemplate - Response 200 OK
2026-03-28 00:08:18 [DiscoveryClient-CacheRefreshExecutor-%d] DEBUG o.s.web.client.RestTemplate - Response 200 OK
2026-03-28 00:08:18 [DiscoveryClient-CacheRefreshExecutor-%d] DEBUG o.s.web.client.RestTemplate - Reading to [org.springframework.cloud.netflix.eureka.http.EurekaApplications]
2026-03-28 00:08:48 [DiscoveryClient-HeartbeatExecutor-%d] DEBUG o.s.web.client.RestTemplate - HTTP PUT http://localhost:8761/eureka/apps/AUTH-SERVICE/DESKTOP-I56EJUR:auth-service:8086?status=UP&lastDirtyTimestamp=1774624619938
2026-03-28 00:08:48 [DiscoveryClient-HeartbeatExecutor-%d] DEBUG o.s.web.client.RestTemplate - Accept=[application/json, application/*+json]
2026-03-28 00:08:48 [DiscoveryClient-HeartbeatExecutor-%d] DEBUG o.s.web.client.RestTemplate - Response 200 OK
2026-03-28 00:08:48 [DiscoveryClient-CacheRefreshExecutor-%d] DEBUG o.s.web.client.RestTemplate - HTTP GET http://localhost:8761/eureka/apps/delta
2026-03-28 00:08:48 [DiscoveryClient-CacheRefreshExecutor-%d] DEBUG o.s.web.client.RestTemplate - Accept=[application/json, application/*+json]
2026-03-28 00:08:48 [DiscoveryClient-CacheRefreshExecutor-%d] DEBUG o.s.web.client.RestTemplate - Response 200 OK
2026-03-28 00:08:48 [DiscoveryClient-CacheRefreshExecutor-%d] DEBUG o.s.web.client.RestTemplate - Reading to [org.springframework.cloud.netflix.eureka.http.EurekaApplications]
2026-03-28 00:09:18 [DiscoveryClient-HeartbeatExecutor-%d] DEBUG o.s.web.client.RestTemplate - HTTP PUT http://localhost:8761/eureka/apps/AUTH-SERVICE/DESKTOP-I56EJUR:auth-service:8086?status=UP&lastDirtyTimestamp=1774624619938
2026-03-28 00:09:18 [DiscoveryClient-HeartbeatExecutor-%d] DEBUG o.s.web.client.RestTemplate - Accept=[application/json, application/*+json]
2026-03-28 00:09:18 [DiscoveryClient-HeartbeatExecutor-%d] DEBUG o.s.web.client.RestTemplate - Response 200 OK
2026-03-28 00:09:18 [DiscoveryClient-CacheRefreshExecutor-%d] DEBUG o.s.web.client.RestTemplate - HTTP GET http://localhost:8761/eureka/apps/delta
2026-03-28 00:09:18 [DiscoveryClient-CacheRefreshExecutor-%d] DEBUG o.s.web.client.RestTemplate - Accept=[application/json, application/*+json]
2026-03-28 00:09:18 [DiscoveryClient-CacheRefreshExecutor-%d] DEBUG o.s.web.client.RestTemplate - Response 200 OK
2026-03-28 00:09:18 [DiscoveryClient-CacheRefreshExecutor-%d] DEBUG o.s.web.client.RestTemplate - Reading to [org.springframework.cloud.netflix.eureka.http.EurekaApplications]
2026-03-28 00:09:48 [DiscoveryClient-HeartbeatExecutor-%d] DEBUG o.s.web.client.RestTemplate - HTTP PUT http://localhost:8761/eureka/apps/AUTH-SERVICE/DESKTOP-I56EJUR:auth-service:8086?status=UP&lastDirtyTimestamp=1774624619938
2026-03-28 00:09:48 [DiscoveryClient-HeartbeatExecutor-%d] DEBUG o.s.web.client.RestTemplate - Accept=[application/json, application/*+json]
2026-03-28 00:09:48 [DiscoveryClient-HeartbeatExecutor-%d] DEBUG o.s.web.client.RestTemplate - Response 200 OK
2026-03-28 00:09:48 [DiscoveryClient-CacheRefreshExecutor-%d] DEBUG o.s.web.client.RestTemplate - HTTP GET http://localhost:8761/eureka/apps/delta
2026-03-28 00:09:48 [DiscoveryClient-CacheRefreshExecutor-%d] DEBUG o.s.web.client.RestTemplate - Accept=[application/json, application/*+json]
2026-03-28 00:09:48 [DiscoveryClient-CacheRefreshExecutor-%d] DEBUG o.s.web.client.RestTemplate - Response 200 OK
2026-03-28 00:09:48 [DiscoveryClient-CacheRefreshExecutor-%d] DEBUG o.s.web.client.RestTemplate - Reading to [org.springframework.cloud.netflix.eureka.http.EurekaApplications]
2026-03-28 00:10:18 [DiscoveryClient-HeartbeatExecutor-%d] DEBUG o.s.web.client.RestTemplate - HTTP PUT http://localhost:8761/eureka/apps/AUTH-SERVICE/DESKTOP-I56EJUR:auth-service:8086?status=UP&lastDirtyTimestamp=1774624619938
2026-03-28 00:10:18 [DiscoveryClient-HeartbeatExecutor-%d] DEBUG o.s.web.client.RestTemplate - Accept=[application/json, application/*+json]
2026-03-28 00:10:18 [DiscoveryClient-HeartbeatExecutor-%d] DEBUG o.s.web.client.RestTemplate - Response 200 OK
2026-03-28 00:10:18 [DiscoveryClient-CacheRefreshExecutor-%d] DEBUG o.s.web.client.RestTemplate - HTTP GET http://localhost:8761/eureka/apps/delta
2026-03-28 00:10:18 [DiscoveryClient-CacheRefreshExecutor-%d] DEBUG o.s.web.client.RestTemplate - Accept=[application/json, application/*+json]
2026-03-28 00:10:18 [DiscoveryClient-CacheRefreshExecutor-%d] DEBUG o.s.web.client.RestTemplate - Response 200 OK
2026-03-28 00:10:18 [DiscoveryClient-CacheRefreshExecutor-%d] DEBUG o.s.web.client.RestTemplate - Reading to [org.springframework.cloud.netflix.eureka.http.EurekaApplications]
2026-03-28 00:10:48 [DiscoveryClient-HeartbeatExecutor-%d] DEBUG o.s.web.client.RestTemplate - HTTP PUT http://localhost:8761/eureka/apps/AUTH-SERVICE/DESKTOP-I56EJUR:auth-service:8086?status=UP&lastDirtyTimestamp=1774624619938
2026-03-28 00:10:48 [DiscoveryClient-HeartbeatExecutor-%d] DEBUG o.s.web.client.RestTemplate - Accept=[application/json, application/*+json]
2026-03-28 00:10:48 [DiscoveryClient-HeartbeatExecutor-%d] DEBUG o.s.web.client.RestTemplate - Response 200 OK
2026-03-28 00:10:48 [DiscoveryClient-CacheRefreshExecutor-%d] DEBUG o.s.web.client.RestTemplate - HTTP GET http://localhost:8761/eureka/apps/delta
2026-03-28 00:10:48 [DiscoveryClient-CacheRefreshExecutor-%d] DEBUG o.s.web.client.RestTemplate - Accept=[application/json, application/*+json]
2026-03-28 00:10:48 [DiscoveryClient-CacheRefreshExecutor-%d] DEBUG o.s.web.client.RestTemplate - Response 200 OK
2026-03-28 00:10:48 [DiscoveryClient-CacheRefreshExecutor-%d] DEBUG o.s.web.client.RestTemplate - Reading to [org.springframework.cloud.netflix.eureka.http.EurekaApplications]
2026-03-28 00:11:18 [DiscoveryClient-HeartbeatExecutor-%d] DEBUG o.s.web.client.RestTemplate - HTTP PUT http://localhost:8761/eureka/apps/AUTH-SERVICE/DESKTOP-I56EJUR:auth-service:8086?status=UP&lastDirtyTimestamp=1774624619938
2026-03-28 00:11:18 [DiscoveryClient-HeartbeatExecutor-%d] DEBUG o.s.web.client.RestTemplate - Accept=[application/json, application/*+json]
2026-03-28 00:11:18 [DiscoveryClient-HeartbeatExecutor-%d] DEBUG o.s.web.client.RestTemplate - Response 200 OK
2026-03-28 00:11:18 [DiscoveryClient-CacheRefreshExecutor-%d] DEBUG o.s.web.client.RestTemplate - HTTP GET http://localhost:8761/eureka/apps/delta
2026-03-28 00:11:18 [DiscoveryClient-CacheRefreshExecutor-%d] DEBUG o.s.web.client.RestTemplate - Accept=[application/json, application/*+json]
2026-03-28 00:11:18 [DiscoveryClient-CacheRefreshExecutor-%d] DEBUG o.s.web.client.RestTemplate - Response 200 OK
2026-03-28 00:11:18 [DiscoveryClient-CacheRefreshExecutor-%d] DEBUG o.s.web.client.RestTemplate - Reading to [org.springframework.cloud.netflix.eureka.http.EurekaApplications]
2026-03-28 00:11:48 [DiscoveryClient-HeartbeatExecutor-%d] DEBUG o.s.web.client.RestTemplate - HTTP PUT http://localhost:8761/eureka/apps/AUTH-SERVICE/DESKTOP-I56EJUR:auth-service:8086?status=UP&lastDirtyTimestamp=1774624619938
2026-03-28 00:11:48 [DiscoveryClient-HeartbeatExecutor-%d] DEBUG o.s.web.client.RestTemplate - Accept=[application/json, application/*+json]
2026-03-28 00:11:48 [DiscoveryClient-HeartbeatExecutor-%d] DEBUG o.s.web.client.RestTemplate - Response 200 OK
2026-03-28 00:11:48 [DiscoveryClient-CacheRefreshExecutor-%d] DEBUG o.s.web.client.RestTemplate - HTTP GET http://localhost:8761/eureka/apps/delta
2026-03-28 00:11:48 [DiscoveryClient-CacheRefreshExecutor-%d] DEBUG o.s.web.client.RestTemplate - Accept=[application/json, application/*+json]
2026-03-28 00:11:48 [DiscoveryClient-CacheRefreshExecutor-%d] DEBUG o.s.web.client.RestTemplate - Response 200 OK
2026-03-28 00:11:48 [DiscoveryClient-CacheRefreshExecutor-%d] DEBUG o.s.web.client.RestTemplate - Reading to [org.springframework.cloud.netflix.eureka.http.EurekaApplications]
2026-03-28 00:12:14 [AsyncResolver-bootstrap-executor-%d] INFO  c.n.d.s.r.aws.ConfigClusterResolver - Resolving eureka endpoints via configuration
2026-03-28 00:12:18 [DiscoveryClient-HeartbeatExecutor-%d] DEBUG o.s.web.client.RestTemplate - HTTP PUT http://localhost:8761/eureka/apps/AUTH-SERVICE/DESKTOP-I56EJUR:auth-service:8086?status=UP&lastDirtyTimestamp=1774624619938
2026-03-28 00:12:18 [DiscoveryClient-HeartbeatExecutor-%d] DEBUG o.s.web.client.RestTemplate - Accept=[application/json, application/*+json]
2026-03-28 00:12:18 [DiscoveryClient-CacheRefreshExecutor-%d] DEBUG o.s.web.client.RestTemplate - HTTP GET http://localhost:8761/eureka/apps/delta
2026-03-28 00:12:18 [DiscoveryClient-CacheRefreshExecutor-%d] DEBUG o.s.web.client.RestTemplate - Accept=[application/json, application/*+json]
2026-03-28 00:12:18 [DiscoveryClient-HeartbeatExecutor-%d] DEBUG o.s.web.client.RestTemplate - Response 200 OK
2026-03-28 00:12:18 [DiscoveryClient-CacheRefreshExecutor-%d] DEBUG o.s.web.client.RestTemplate - Response 200 OK
2026-03-28 00:12:18 [DiscoveryClient-CacheRefreshExecutor-%d] DEBUG o.s.web.client.RestTemplate - Reading to [org.springframework.cloud.netflix.eureka.http.EurekaApplications]
2026-03-28 00:12:48 [DiscoveryClient-HeartbeatExecutor-%d] DEBUG o.s.web.client.RestTemplate - HTTP PUT http://localhost:8761/eureka/apps/AUTH-SERVICE/DESKTOP-I56EJUR:auth-service:8086?status=UP&lastDirtyTimestamp=1774624619938
2026-03-28 00:12:48 [DiscoveryClient-HeartbeatExecutor-%d] DEBUG o.s.web.client.RestTemplate - Accept=[application/json, application/*+json]
2026-03-28 00:12:48 [DiscoveryClient-HeartbeatExecutor-%d] DEBUG o.s.web.client.RestTemplate - Response 200 OK
2026-03-28 00:12:48 [DiscoveryClient-CacheRefreshExecutor-%d] DEBUG o.s.web.client.RestTemplate - HTTP GET http://localhost:8761/eureka/apps/delta
2026-03-28 00:12:48 [DiscoveryClient-CacheRefreshExecutor-%d] DEBUG o.s.web.client.RestTemplate - Accept=[application/json, application/*+json]
2026-03-28 00:12:48 [DiscoveryClient-CacheRefreshExecutor-%d] DEBUG o.s.web.client.RestTemplate - Response 200 OK
2026-03-28 00:12:48 [DiscoveryClient-CacheRefreshExecutor-%d] DEBUG o.s.web.client.RestTemplate - Reading to [org.springframework.cloud.netflix.eureka.http.EurekaApplications]
2026-03-28 00:13:18 [DiscoveryClient-HeartbeatExecutor-%d] DEBUG o.s.web.client.RestTemplate - HTTP PUT http://localhost:8761/eureka/apps/AUTH-SERVICE/DESKTOP-I56EJUR:auth-service:8086?status=UP&lastDirtyTimestamp=1774624619938
2026-03-28 00:13:18 [DiscoveryClient-HeartbeatExecutor-%d] DEBUG o.s.web.client.RestTemplate - Accept=[application/json, application/*+json]
2026-03-28 00:13:18 [DiscoveryClient-CacheRefreshExecutor-%d] DEBUG o.s.web.client.RestTemplate - HTTP GET http://localhost:8761/eureka/apps/delta
2026-03-28 00:13:18 [DiscoveryClient-CacheRefreshExecutor-%d] DEBUG o.s.web.client.RestTemplate - Accept=[application/json, application/*+json]
2026-03-28 00:13:18 [DiscoveryClient-HeartbeatExecutor-%d] DEBUG o.s.web.client.RestTemplate - Response 200 OK
2026-03-28 00:13:18 [DiscoveryClient-CacheRefreshExecutor-%d] DEBUG o.s.web.client.RestTemplate - Response 200 OK
2026-03-28 00:13:18 [DiscoveryClient-CacheRefreshExecutor-%d] DEBUG o.s.web.client.RestTemplate - Reading to [org.springframework.cloud.netflix.eureka.http.EurekaApplications]
2026-03-28 00:13:48 [DiscoveryClient-HeartbeatExecutor-%d] DEBUG o.s.web.client.RestTemplate - HTTP PUT http://localhost:8761/eureka/apps/AUTH-SERVICE/DESKTOP-I56EJUR:auth-service:8086?status=UP&lastDirtyTimestamp=1774624619938
2026-03-28 00:13:48 [DiscoveryClient-HeartbeatExecutor-%d] DEBUG o.s.web.client.RestTemplate - Accept=[application/json, application/*+json]
2026-03-28 00:13:48 [DiscoveryClient-CacheRefreshExecutor-%d] DEBUG o.s.web.client.RestTemplate - HTTP GET http://localhost:8761/eureka/apps/delta
2026-03-28 00:13:48 [DiscoveryClient-CacheRefreshExecutor-%d] DEBUG o.s.web.client.RestTemplate - Accept=[application/json, application/*+json]
2026-03-28 00:13:48 [DiscoveryClient-HeartbeatExecutor-%d] DEBUG o.s.web.client.RestTemplate - Response 200 OK
2026-03-28 00:13:48 [DiscoveryClient-CacheRefreshExecutor-%d] DEBUG o.s.web.client.RestTemplate - Response 200 OK
2026-03-28 00:13:48 [DiscoveryClient-CacheRefreshExecutor-%d] DEBUG o.s.web.client.RestTemplate - Reading to [org.springframework.cloud.netflix.eureka.http.EurekaApplications]
2026-03-28 00:14:18 [DiscoveryClient-HeartbeatExecutor-%d] DEBUG o.s.web.client.RestTemplate - HTTP PUT http://localhost:8761/eureka/apps/AUTH-SERVICE/DESKTOP-I56EJUR:auth-service:8086?status=UP&lastDirtyTimestamp=1774624619938
2026-03-28 00:14:18 [DiscoveryClient-CacheRefreshExecutor-%d] DEBUG o.s.web.client.RestTemplate - HTTP GET http://localhost:8761/eureka/apps/delta
2026-03-28 00:14:18 [DiscoveryClient-CacheRefreshExecutor-%d] DEBUG o.s.web.client.RestTemplate - Accept=[application/json, application/*+json]
2026-03-28 00:14:18 [DiscoveryClient-HeartbeatExecutor-%d] DEBUG o.s.web.client.RestTemplate - Accept=[application/json, application/*+json]
2026-03-28 00:14:18 [DiscoveryClient-HeartbeatExecutor-%d] DEBUG o.s.web.client.RestTemplate - Response 200 OK
2026-03-28 00:14:18 [DiscoveryClient-CacheRefreshExecutor-%d] DEBUG o.s.web.client.RestTemplate - Response 200 OK
2026-03-28 00:14:18 [DiscoveryClient-CacheRefreshExecutor-%d] DEBUG o.s.web.client.RestTemplate - Reading to [org.springframework.cloud.netflix.eureka.http.EurekaApplications]
2026-03-28 00:14:48 [DiscoveryClient-HeartbeatExecutor-%d] DEBUG o.s.web.client.RestTemplate - HTTP PUT http://localhost:8761/eureka/apps/AUTH-SERVICE/DESKTOP-I56EJUR:auth-service:8086?status=UP&lastDirtyTimestamp=1774624619938
2026-03-28 00:14:48 [DiscoveryClient-HeartbeatExecutor-%d] DEBUG o.s.web.client.RestTemplate - Accept=[application/json, application/*+json]
2026-03-28 00:14:48 [DiscoveryClient-CacheRefreshExecutor-%d] DEBUG o.s.web.client.RestTemplate - HTTP GET http://localhost:8761/eureka/apps/delta
2026-03-28 00:14:48 [DiscoveryClient-CacheRefreshExecutor-%d] DEBUG o.s.web.client.RestTemplate - Accept=[application/json, application/*+json]
2026-03-28 00:14:48 [DiscoveryClient-HeartbeatExecutor-%d] DEBUG o.s.web.client.RestTemplate - Response 200 OK
2026-03-28 00:14:48 [DiscoveryClient-CacheRefreshExecutor-%d] DEBUG o.s.web.client.RestTemplate - Response 200 OK
2026-03-28 00:14:48 [DiscoveryClient-CacheRefreshExecutor-%d] DEBUG o.s.web.client.RestTemplate - Reading to [org.springframework.cloud.netflix.eureka.http.EurekaApplications]
2026-03-28 00:15:18 [DiscoveryClient-HeartbeatExecutor-%d] DEBUG o.s.web.client.RestTemplate - HTTP PUT http://localhost:8761/eureka/apps/AUTH-SERVICE/DESKTOP-I56EJUR:auth-service:8086?status=UP&lastDirtyTimestamp=1774624619938
2026-03-28 00:15:18 [DiscoveryClient-CacheRefreshExecutor-%d] DEBUG o.s.web.client.RestTemplate - HTTP GET http://localhost:8761/eureka/apps/delta
2026-03-28 00:15:18 [DiscoveryClient-HeartbeatExecutor-%d] DEBUG o.s.web.client.RestTemplate - Accept=[application/json, application/*+json]
2026-03-28 00:15:18 [DiscoveryClient-CacheRefreshExecutor-%d] DEBUG o.s.web.client.RestTemplate - Accept=[application/json, application/*+json]
2026-03-28 00:15:18 [DiscoveryClient-CacheRefreshExecutor-%d] DEBUG o.s.web.client.RestTemplate - Response 200 OK
2026-03-28 00:15:18 [DiscoveryClient-HeartbeatExecutor-%d] DEBUG o.s.web.client.RestTemplate - Response 200 OK
2026-03-28 00:15:18 [DiscoveryClient-CacheRefreshExecutor-%d] DEBUG o.s.web.client.RestTemplate - Reading to [org.springframework.cloud.netflix.eureka.http.EurekaApplications]
2026-03-28 00:15:48 [DiscoveryClient-HeartbeatExecutor-%d] DEBUG o.s.web.client.RestTemplate - HTTP PUT http://localhost:8761/eureka/apps/AUTH-SERVICE/DESKTOP-I56EJUR:auth-service:8086?status=UP&lastDirtyTimestamp=1774624619938
2026-03-28 00:15:48 [DiscoveryClient-HeartbeatExecutor-%d] DEBUG o.s.web.client.RestTemplate - Accept=[application/json, application/*+json]
2026-03-28 00:15:48 [DiscoveryClient-CacheRefreshExecutor-%d] DEBUG o.s.web.client.RestTemplate - HTTP GET http://localhost:8761/eureka/apps/delta
2026-03-28 00:15:48 [DiscoveryClient-CacheRefreshExecutor-%d] DEBUG o.s.web.client.RestTemplate - Accept=[application/json, application/*+json]
2026-03-28 00:15:48 [DiscoveryClient-HeartbeatExecutor-%d] DEBUG o.s.web.client.RestTemplate - Response 200 OK
2026-03-28 00:15:48 [DiscoveryClient-CacheRefreshExecutor-%d] DEBUG o.s.web.client.RestTemplate - Response 200 OK
2026-03-28 00:15:48 [DiscoveryClient-CacheRefreshExecutor-%d] DEBUG o.s.web.client.RestTemplate - Reading to [org.springframework.cloud.netflix.eureka.http.EurekaApplications]
2026-03-28 00:16:18 [DiscoveryClient-HeartbeatExecutor-%d] DEBUG o.s.web.client.RestTemplate - HTTP PUT http://localhost:8761/eureka/apps/AUTH-SERVICE/DESKTOP-I56EJUR:auth-service:8086?status=UP&lastDirtyTimestamp=1774624619938
2026-03-28 00:16:18 [DiscoveryClient-HeartbeatExecutor-%d] DEBUG o.s.web.client.RestTemplate - Accept=[application/json, application/*+json]
2026-03-28 00:16:18 [DiscoveryClient-CacheRefreshExecutor-%d] DEBUG o.s.web.client.RestTemplate - HTTP GET http://localhost:8761/eureka/apps/delta
2026-03-28 00:16:18 [DiscoveryClient-CacheRefreshExecutor-%d] DEBUG o.s.web.client.RestTemplate - Accept=[application/json, application/*+json]
2026-03-28 00:16:18 [DiscoveryClient-CacheRefreshExecutor-%d] DEBUG o.s.web.client.RestTemplate - Response 200 OK
2026-03-28 00:16:18 [DiscoveryClient-HeartbeatExecutor-%d] DEBUG o.s.web.client.RestTemplate - Response 200 OK
2026-03-28 00:16:18 [DiscoveryClient-CacheRefreshExecutor-%d] DEBUG o.s.web.client.RestTemplate - Reading to [org.springframework.cloud.netflix.eureka.http.EurekaApplications]
2026-03-28 00:16:48 [DiscoveryClient-HeartbeatExecutor-%d] DEBUG o.s.web.client.RestTemplate - HTTP PUT http://localhost:8761/eureka/apps/AUTH-SERVICE/DESKTOP-I56EJUR:auth-service:8086?status=UP&lastDirtyTimestamp=1774624619938
2026-03-28 00:16:48 [DiscoveryClient-CacheRefreshExecutor-%d] DEBUG o.s.web.client.RestTemplate - HTTP GET http://localhost:8761/eureka/apps/delta
2026-03-28 00:16:48 [DiscoveryClient-HeartbeatExecutor-%d] DEBUG o.s.web.client.RestTemplate - Accept=[application/json, application/*+json]
2026-03-28 00:16:48 [DiscoveryClient-CacheRefreshExecutor-%d] DEBUG o.s.web.client.RestTemplate - Accept=[application/json, application/*+json]
2026-03-28 00:16:48 [DiscoveryClient-CacheRefreshExecutor-%d] DEBUG o.s.web.client.RestTemplate - Response 200 OK
2026-03-28 00:16:48 [DiscoveryClient-HeartbeatExecutor-%d] DEBUG o.s.web.client.RestTemplate - Response 200 OK
2026-03-28 00:16:48 [DiscoveryClient-CacheRefreshExecutor-%d] DEBUG o.s.web.client.RestTemplate - Reading to [org.springframework.cloud.netflix.eureka.http.EurekaApplications]
2026-03-28 00:17:14 [AsyncResolver-bootstrap-executor-%d] INFO  c.n.d.s.r.aws.ConfigClusterResolver - Resolving eureka endpoints via configuration
2026-03-28 00:17:18 [DiscoveryClient-HeartbeatExecutor-%d] DEBUG o.s.web.client.RestTemplate - HTTP PUT http://localhost:8761/eureka/apps/AUTH-SERVICE/DESKTOP-I56EJUR:auth-service:8086?status=UP&lastDirtyTimestamp=1774624619938
2026-03-28 00:17:18 [DiscoveryClient-HeartbeatExecutor-%d] DEBUG o.s.web.client.RestTemplate - Accept=[application/json, application/*+json]
2026-03-28 00:17:18 [DiscoveryClient-CacheRefreshExecutor-%d] DEBUG o.s.web.client.RestTemplate - HTTP GET http://localhost:8761/eureka/apps/delta
2026-03-28 00:17:18 [DiscoveryClient-CacheRefreshExecutor-%d] DEBUG o.s.web.client.RestTemplate - Accept=[application/json, application/*+json]
2026-03-28 00:17:18 [DiscoveryClient-CacheRefreshExecutor-%d] DEBUG o.s.web.client.RestTemplate - Response 200 OK
2026-03-28 00:17:18 [DiscoveryClient-HeartbeatExecutor-%d] DEBUG o.s.web.client.RestTemplate - Response 200 OK
2026-03-28 00:17:18 [DiscoveryClient-CacheRefreshExecutor-%d] DEBUG o.s.web.client.RestTemplate - Reading to [org.springframework.cloud.netflix.eureka.http.EurekaApplications]
2026-03-28 00:17:48 [DiscoveryClient-CacheRefreshExecutor-%d] DEBUG o.s.web.client.RestTemplate - HTTP GET http://localhost:8761/eureka/apps/delta
2026-03-28 00:17:48 [DiscoveryClient-HeartbeatExecutor-%d] DEBUG o.s.web.client.RestTemplate - HTTP PUT http://localhost:8761/eureka/apps/AUTH-SERVICE/DESKTOP-I56EJUR:auth-service:8086?status=UP&lastDirtyTimestamp=1774624619938
2026-03-28 00:17:48 [DiscoveryClient-CacheRefreshExecutor-%d] DEBUG o.s.web.client.RestTemplate - Accept=[application/json, application/*+json]
2026-03-28 00:17:48 [DiscoveryClient-HeartbeatExecutor-%d] DEBUG o.s.web.client.RestTemplate - Accept=[application/json, application/*+json]
2026-03-28 00:17:49 [DiscoveryClient-HeartbeatExecutor-%d] DEBUG o.s.web.client.RestTemplate - Response 200 OK
2026-03-28 00:17:49 [DiscoveryClient-CacheRefreshExecutor-%d] DEBUG o.s.web.client.RestTemplate - Response 200 OK
2026-03-28 00:17:49 [DiscoveryClient-CacheRefreshExecutor-%d] DEBUG o.s.web.client.RestTemplate - Reading to [org.springframework.cloud.netflix.eureka.http.EurekaApplications]
2026-03-28 00:18:19 [DiscoveryClient-CacheRefreshExecutor-%d] DEBUG o.s.web.client.RestTemplate - HTTP GET http://localhost:8761/eureka/apps/delta
2026-03-28 00:18:19 [DiscoveryClient-HeartbeatExecutor-%d] DEBUG o.s.web.client.RestTemplate - HTTP PUT http://localhost:8761/eureka/apps/AUTH-SERVICE/DESKTOP-I56EJUR:auth-service:8086?status=UP&lastDirtyTimestamp=1774624619938
2026-03-28 00:18:19 [DiscoveryClient-HeartbeatExecutor-%d] DEBUG o.s.web.client.RestTemplate - Accept=[application/json, application/*+json]
2026-03-28 00:18:19 [DiscoveryClient-CacheRefreshExecutor-%d] DEBUG o.s.web.client.RestTemplate - Accept=[application/json, application/*+json]
2026-03-28 00:18:19 [DiscoveryClient-HeartbeatExecutor-%d] DEBUG o.s.web.client.RestTemplate - Response 200 OK
2026-03-28 00:18:19 [DiscoveryClient-CacheRefreshExecutor-%d] DEBUG o.s.web.client.RestTemplate - Response 200 OK
2026-03-28 00:18:19 [DiscoveryClient-CacheRefreshExecutor-%d] DEBUG o.s.web.client.RestTemplate - Reading to [org.springframework.cloud.netflix.eureka.http.EurekaApplications]
2026-03-28 00:18:49 [DiscoveryClient-CacheRefreshExecutor-%d] DEBUG o.s.web.client.RestTemplate - HTTP GET http://localhost:8761/eureka/apps/delta
2026-03-28 00:18:49 [DiscoveryClient-HeartbeatExecutor-%d] DEBUG o.s.web.client.RestTemplate - HTTP PUT http://localhost:8761/eureka/apps/AUTH-SERVICE/DESKTOP-I56EJUR:auth-service:8086?status=UP&lastDirtyTimestamp=1774624619938
2026-03-28 00:18:49 [DiscoveryClient-CacheRefreshExecutor-%d] DEBUG o.s.web.client.RestTemplate - Accept=[application/json, application/*+json]
2026-03-28 00:18:49 [DiscoveryClient-HeartbeatExecutor-%d] DEBUG o.s.web.client.RestTemplate - Accept=[application/json, application/*+json]
2026-03-28 00:18:49 [DiscoveryClient-HeartbeatExecutor-%d] DEBUG o.s.web.client.RestTemplate - Response 200 OK
2026-03-28 00:18:49 [DiscoveryClient-CacheRefreshExecutor-%d] DEBUG o.s.web.client.RestTemplate - Response 200 OK
2026-03-28 00:18:49 [DiscoveryClient-CacheRefreshExecutor-%d] DEBUG o.s.web.client.RestTemplate - Reading to [org.springframework.cloud.netflix.eureka.http.EurekaApplications]
2026-03-28 00:19:19 [DiscoveryClient-CacheRefreshExecutor-%d] DEBUG o.s.web.client.RestTemplate - HTTP GET http://localhost:8761/eureka/apps/delta
2026-03-28 00:19:19 [DiscoveryClient-HeartbeatExecutor-%d] DEBUG o.s.web.client.RestTemplate - HTTP PUT http://localhost:8761/eureka/apps/AUTH-SERVICE/DESKTOP-I56EJUR:auth-service:8086?status=UP&lastDirtyTimestamp=1774624619938
2026-03-28 00:19:19 [DiscoveryClient-HeartbeatExecutor-%d] DEBUG o.s.web.client.RestTemplate - Accept=[application/json, application/*+json]
2026-03-28 00:19:19 [DiscoveryClient-CacheRefreshExecutor-%d] DEBUG o.s.web.client.RestTemplate - Accept=[application/json, application/*+json]
2026-03-28 00:19:19 [DiscoveryClient-HeartbeatExecutor-%d] DEBUG o.s.web.client.RestTemplate - Response 200 OK
2026-03-28 00:19:19 [DiscoveryClient-CacheRefreshExecutor-%d] DEBUG o.s.web.client.RestTemplate - Response 200 OK
2026-03-28 00:19:19 [DiscoveryClient-CacheRefreshExecutor-%d] DEBUG o.s.web.client.RestTemplate - Reading to [org.springframework.cloud.netflix.eureka.http.EurekaApplications]
2026-03-28 00:19:49 [DiscoveryClient-CacheRefreshExecutor-%d] DEBUG o.s.web.client.RestTemplate - HTTP GET http://localhost:8761/eureka/apps/delta
2026-03-28 00:19:49 [DiscoveryClient-CacheRefreshExecutor-%d] DEBUG o.s.web.client.RestTemplate - Accept=[application/json, application/*+json]
2026-03-28 00:19:49 [DiscoveryClient-HeartbeatExecutor-%d] DEBUG o.s.web.client.RestTemplate - HTTP PUT http://localhost:8761/eureka/apps/AUTH-SERVICE/DESKTOP-I56EJUR:auth-service:8086?status=UP&lastDirtyTimestamp=1774624619938
2026-03-28 00:19:49 [DiscoveryClient-HeartbeatExecutor-%d] DEBUG o.s.web.client.RestTemplate - Accept=[application/json, application/*+json]
2026-03-28 00:19:49 [DiscoveryClient-HeartbeatExecutor-%d] DEBUG o.s.web.client.RestTemplate - Response 200 OK
2026-03-28 00:19:49 [DiscoveryClient-CacheRefreshExecutor-%d] DEBUG o.s.web.client.RestTemplate - Response 200 OK
2026-03-28 00:19:49 [DiscoveryClient-CacheRefreshExecutor-%d] DEBUG o.s.web.client.RestTemplate - Reading to [org.springframework.cloud.netflix.eureka.http.EurekaApplications]
2026-03-28 00:20:19 [DiscoveryClient-CacheRefreshExecutor-%d] DEBUG o.s.web.client.RestTemplate - HTTP GET http://localhost:8761/eureka/apps/delta
2026-03-28 00:20:19 [DiscoveryClient-HeartbeatExecutor-%d] DEBUG o.s.web.client.RestTemplate - HTTP PUT http://localhost:8761/eureka/apps/AUTH-SERVICE/DESKTOP-I56EJUR:auth-service:8086?status=UP&lastDirtyTimestamp=1774624619938
2026-03-28 00:20:19 [DiscoveryClient-CacheRefreshExecutor-%d] DEBUG o.s.web.client.RestTemplate - Accept=[application/json, application/*+json]
2026-03-28 00:20:19 [DiscoveryClient-HeartbeatExecutor-%d] DEBUG o.s.web.client.RestTemplate - Accept=[application/json, application/*+json]
2026-03-28 00:20:19 [DiscoveryClient-HeartbeatExecutor-%d] DEBUG o.s.web.client.RestTemplate - Response 200 OK
2026-03-28 00:20:19 [DiscoveryClient-CacheRefreshExecutor-%d] DEBUG o.s.web.client.RestTemplate - Response 200 OK
2026-03-28 00:20:19 [DiscoveryClient-CacheRefreshExecutor-%d] DEBUG o.s.web.client.RestTemplate - Reading to [org.springframework.cloud.netflix.eureka.http.EurekaApplications]
2026-03-28 00:20:49 [DiscoveryClient-CacheRefreshExecutor-%d] DEBUG o.s.web.client.RestTemplate - HTTP GET http://localhost:8761/eureka/apps/delta
2026-03-28 00:20:49 [DiscoveryClient-HeartbeatExecutor-%d] DEBUG o.s.web.client.RestTemplate - HTTP PUT http://localhost:8761/eureka/apps/AUTH-SERVICE/DESKTOP-I56EJUR:auth-service:8086?status=UP&lastDirtyTimestamp=1774624619938
2026-03-28 00:20:49 [DiscoveryClient-HeartbeatExecutor-%d] DEBUG o.s.web.client.RestTemplate - Accept=[application/json, application/*+json]
2026-03-28 00:20:49 [DiscoveryClient-CacheRefreshExecutor-%d] DEBUG o.s.web.client.RestTemplate - Accept=[application/json, application/*+json]
2026-03-28 00:20:49 [DiscoveryClient-CacheRefreshExecutor-%d] DEBUG o.s.web.client.RestTemplate - Response 200 OK
2026-03-28 00:20:49 [DiscoveryClient-CacheRefreshExecutor-%d] DEBUG o.s.web.client.RestTemplate - Reading to [org.springframework.cloud.netflix.eureka.http.EurekaApplications]
2026-03-28 00:20:49 [DiscoveryClient-HeartbeatExecutor-%d] DEBUG o.s.web.client.RestTemplate - Response 200 OK
2026-03-28 00:21:19 [DiscoveryClient-HeartbeatExecutor-%d] DEBUG o.s.web.client.RestTemplate - HTTP PUT http://localhost:8761/eureka/apps/AUTH-SERVICE/DESKTOP-I56EJUR:auth-service:8086?status=UP&lastDirtyTimestamp=1774624619938
2026-03-28 00:21:19 [DiscoveryClient-HeartbeatExecutor-%d] DEBUG o.s.web.client.RestTemplate - Accept=[application/json, application/*+json]
2026-03-28 00:21:19 [DiscoveryClient-CacheRefreshExecutor-%d] DEBUG o.s.web.client.RestTemplate - HTTP GET http://localhost:8761/eureka/apps/delta
2026-03-28 00:21:19 [DiscoveryClient-CacheRefreshExecutor-%d] DEBUG o.s.web.client.RestTemplate - Accept=[application/json, application/*+json]
2026-03-28 00:21:19 [DiscoveryClient-HeartbeatExecutor-%d] DEBUG o.s.web.client.RestTemplate - Response 200 OK
2026-03-28 00:21:19 [DiscoveryClient-CacheRefreshExecutor-%d] DEBUG o.s.web.client.RestTemplate - Response 200 OK
2026-03-28 00:21:19 [DiscoveryClient-CacheRefreshExecutor-%d] DEBUG o.s.web.client.RestTemplate - Reading to [org.springframework.cloud.netflix.eureka.http.EurekaApplications]
2026-03-28 00:21:49 [DiscoveryClient-CacheRefreshExecutor-%d] DEBUG o.s.web.client.RestTemplate - HTTP GET http://localhost:8761/eureka/apps/delta
2026-03-28 00:21:49 [DiscoveryClient-CacheRefreshExecutor-%d] DEBUG o.s.web.client.RestTemplate - Accept=[application/json, application/*+json]
2026-03-28 00:21:49 [DiscoveryClient-HeartbeatExecutor-%d] DEBUG o.s.web.client.RestTemplate - HTTP PUT http://localhost:8761/eureka/apps/AUTH-SERVICE/DESKTOP-I56EJUR:auth-service:8086?status=UP&lastDirtyTimestamp=1774624619938
2026-03-28 00:21:49 [DiscoveryClient-HeartbeatExecutor-%d] DEBUG o.s.web.client.RestTemplate - Accept=[application/json, application/*+json]
2026-03-28 00:21:49 [DiscoveryClient-CacheRefreshExecutor-%d] DEBUG o.s.web.client.RestTemplate - Response 200 OK
2026-03-28 00:21:49 [DiscoveryClient-HeartbeatExecutor-%d] DEBUG o.s.web.client.RestTemplate - Response 200 OK
2026-03-28 00:21:49 [DiscoveryClient-CacheRefreshExecutor-%d] DEBUG o.s.web.client.RestTemplate - Reading to [org.springframework.cloud.netflix.eureka.http.EurekaApplications]
2026-03-28 00:22:14 [AsyncResolver-bootstrap-executor-%d] INFO  c.n.d.s.r.aws.ConfigClusterResolver - Resolving eureka endpoints via configuration
2026-03-28 00:22:19 [DiscoveryClient-CacheRefreshExecutor-%d] DEBUG o.s.web.client.RestTemplate - HTTP GET http://localhost:8761/eureka/apps/delta
2026-03-28 00:22:19 [DiscoveryClient-CacheRefreshExecutor-%d] DEBUG o.s.web.client.RestTemplate - Accept=[application/json, application/*+json]
2026-03-28 00:22:19 [DiscoveryClient-HeartbeatExecutor-%d] DEBUG o.s.web.client.RestTemplate - HTTP PUT http://localhost:8761/eureka/apps/AUTH-SERVICE/DESKTOP-I56EJUR:auth-service:8086?status=UP&lastDirtyTimestamp=1774624619938
2026-03-28 00:22:19 [DiscoveryClient-HeartbeatExecutor-%d] DEBUG o.s.web.client.RestTemplate - Accept=[application/json, application/*+json]
2026-03-28 00:22:19 [DiscoveryClient-CacheRefreshExecutor-%d] DEBUG o.s.web.client.RestTemplate - Response 200 OK
2026-03-28 00:22:19 [DiscoveryClient-HeartbeatExecutor-%d] DEBUG o.s.web.client.RestTemplate - Response 200 OK
2026-03-28 00:22:19 [DiscoveryClient-CacheRefreshExecutor-%d] DEBUG o.s.web.client.RestTemplate - Reading to [org.springframework.cloud.netflix.eureka.http.EurekaApplications]
2026-03-28 00:22:49 [DiscoveryClient-CacheRefreshExecutor-%d] DEBUG o.s.web.client.RestTemplate - HTTP GET http://localhost:8761/eureka/apps/delta
2026-03-28 00:22:49 [DiscoveryClient-HeartbeatExecutor-%d] DEBUG o.s.web.client.RestTemplate - HTTP PUT http://localhost:8761/eureka/apps/AUTH-SERVICE/DESKTOP-I56EJUR:auth-service:8086?status=UP&lastDirtyTimestamp=1774624619938
2026-03-28 00:22:49 [DiscoveryClient-HeartbeatExecutor-%d] DEBUG o.s.web.client.RestTemplate - Accept=[application/json, application/*+json]
2026-03-28 00:22:49 [DiscoveryClient-CacheRefreshExecutor-%d] DEBUG o.s.web.client.RestTemplate - Accept=[application/json, application/*+json]
2026-03-28 00:22:49 [DiscoveryClient-HeartbeatExecutor-%d] DEBUG o.s.web.client.RestTemplate - Response 200 OK
2026-03-28 00:22:49 [DiscoveryClient-CacheRefreshExecutor-%d] DEBUG o.s.web.client.RestTemplate - Response 200 OK
2026-03-28 00:22:49 [DiscoveryClient-CacheRefreshExecutor-%d] DEBUG o.s.web.client.RestTemplate - Reading to [org.springframework.cloud.netflix.eureka.http.EurekaApplications]
2026-03-28 00:23:19 [DiscoveryClient-CacheRefreshExecutor-%d] DEBUG o.s.web.client.RestTemplate - HTTP GET http://localhost:8761/eureka/apps/delta
2026-03-28 00:23:19 [DiscoveryClient-HeartbeatExecutor-%d] DEBUG o.s.web.client.RestTemplate - HTTP PUT http://localhost:8761/eureka/apps/AUTH-SERVICE/DESKTOP-I56EJUR:auth-service:8086?status=UP&lastDirtyTimestamp=1774624619938
2026-03-28 00:23:19 [DiscoveryClient-CacheRefreshExecutor-%d] DEBUG o.s.web.client.RestTemplate - Accept=[application/json, application/*+json]
2026-03-28 00:23:19 [DiscoveryClient-HeartbeatExecutor-%d] DEBUG o.s.web.client.RestTemplate - Accept=[application/json, application/*+json]
2026-03-28 00:23:19 [DiscoveryClient-HeartbeatExecutor-%d] DEBUG o.s.web.client.RestTemplate - Response 200 OK
2026-03-28 00:23:19 [DiscoveryClient-CacheRefreshExecutor-%d] DEBUG o.s.web.client.RestTemplate - Response 200 OK
2026-03-28 00:23:19 [DiscoveryClient-CacheRefreshExecutor-%d] DEBUG o.s.web.client.RestTemplate - Reading to [org.springframework.cloud.netflix.eureka.http.EurekaApplications]
2026-03-28 00:23:49 [DiscoveryClient-HeartbeatExecutor-%d] DEBUG o.s.web.client.RestTemplate - HTTP PUT http://localhost:8761/eureka/apps/AUTH-SERVICE/DESKTOP-I56EJUR:auth-service:8086?status=UP&lastDirtyTimestamp=1774624619938
2026-03-28 00:23:49 [DiscoveryClient-HeartbeatExecutor-%d] DEBUG o.s.web.client.RestTemplate - Accept=[application/json, application/*+json]
2026-03-28 00:23:49 [DiscoveryClient-CacheRefreshExecutor-%d] DEBUG o.s.web.client.RestTemplate - HTTP GET http://localhost:8761/eureka/apps/delta
2026-03-28 00:23:49 [DiscoveryClient-CacheRefreshExecutor-%d] DEBUG o.s.web.client.RestTemplate - Accept=[application/json, application/*+json]
2026-03-28 00:23:49 [DiscoveryClient-HeartbeatExecutor-%d] DEBUG o.s.web.client.RestTemplate - Response 200 OK
2026-03-28 00:23:49 [DiscoveryClient-CacheRefreshExecutor-%d] DEBUG o.s.web.client.RestTemplate - Response 200 OK
2026-03-28 00:23:49 [DiscoveryClient-CacheRefreshExecutor-%d] DEBUG o.s.web.client.RestTemplate - Reading to [org.springframework.cloud.netflix.eureka.http.EurekaApplications]
2026-03-28 00:24:19 [DiscoveryClient-HeartbeatExecutor-%d] DEBUG o.s.web.client.RestTemplate - HTTP PUT http://localhost:8761/eureka/apps/AUTH-SERVICE/DESKTOP-I56EJUR:auth-service:8086?status=UP&lastDirtyTimestamp=1774624619938
2026-03-28 00:24:19 [DiscoveryClient-HeartbeatExecutor-%d] DEBUG o.s.web.client.RestTemplate - Accept=[application/json, application/*+json]
2026-03-28 00:24:19 [DiscoveryClient-CacheRefreshExecutor-%d] DEBUG o.s.web.client.RestTemplate - HTTP GET http://localhost:8761/eureka/apps/delta
2026-03-28 00:24:19 [DiscoveryClient-CacheRefreshExecutor-%d] DEBUG o.s.web.client.RestTemplate - Accept=[application/json, application/*+json]
2026-03-28 00:24:19 [DiscoveryClient-HeartbeatExecutor-%d] DEBUG o.s.web.client.RestTemplate - Response 200 OK
2026-03-28 00:24:19 [DiscoveryClient-CacheRefreshExecutor-%d] DEBUG o.s.web.client.RestTemplate - Response 200 OK
2026-03-28 00:24:19 [DiscoveryClient-CacheRefreshExecutor-%d] DEBUG o.s.web.client.RestTemplate - Reading to [org.springframework.cloud.netflix.eureka.http.EurekaApplications]
2026-03-28 00:24:49 [DiscoveryClient-HeartbeatExecutor-%d] DEBUG o.s.web.client.RestTemplate - HTTP PUT http://localhost:8761/eureka/apps/AUTH-SERVICE/DESKTOP-I56EJUR:auth-service:8086?status=UP&lastDirtyTimestamp=1774624619938
2026-03-28 00:24:49 [DiscoveryClient-HeartbeatExecutor-%d] DEBUG o.s.web.client.RestTemplate - Accept=[application/json, application/*+json]
2026-03-28 00:24:49 [DiscoveryClient-CacheRefreshExecutor-%d] DEBUG o.s.web.client.RestTemplate - HTTP GET http://localhost:8761/eureka/apps/delta
2026-03-28 00:24:49 [DiscoveryClient-CacheRefreshExecutor-%d] DEBUG o.s.web.client.RestTemplate - Accept=[application/json, application/*+json]
2026-03-28 00:24:49 [DiscoveryClient-HeartbeatExecutor-%d] DEBUG o.s.web.client.RestTemplate - Response 200 OK
2026-03-28 00:24:49 [DiscoveryClient-CacheRefreshExecutor-%d] DEBUG o.s.web.client.RestTemplate - Response 200 OK
2026-03-28 00:24:49 [DiscoveryClient-CacheRefreshExecutor-%d] DEBUG o.s.web.client.RestTemplate - Reading to [org.springframework.cloud.netflix.eureka.http.EurekaApplications]
2026-03-28 00:25:19 [DiscoveryClient-HeartbeatExecutor-%d] DEBUG o.s.web.client.RestTemplate - HTTP PUT http://localhost:8761/eureka/apps/AUTH-SERVICE/DESKTOP-I56EJUR:auth-service:8086?status=UP&lastDirtyTimestamp=1774624619938
2026-03-28 00:25:19 [DiscoveryClient-HeartbeatExecutor-%d] DEBUG o.s.web.client.RestTemplate - Accept=[application/json, application/*+json]
2026-03-28 00:25:19 [DiscoveryClient-CacheRefreshExecutor-%d] DEBUG o.s.web.client.RestTemplate - HTTP GET http://localhost:8761/eureka/apps/delta
2026-03-28 00:25:19 [DiscoveryClient-CacheRefreshExecutor-%d] DEBUG o.s.web.client.RestTemplate - Accept=[application/json, application/*+json]
2026-03-28 00:25:19 [DiscoveryClient-HeartbeatExecutor-%d] DEBUG o.s.web.client.RestTemplate - Response 200 OK
2026-03-28 00:25:19 [DiscoveryClient-CacheRefreshExecutor-%d] DEBUG o.s.web.client.RestTemplate - Response 200 OK
2026-03-28 00:25:19 [DiscoveryClient-CacheRefreshExecutor-%d] DEBUG o.s.web.client.RestTemplate - Reading to [org.springframework.cloud.netflix.eureka.http.EurekaApplications]
2026-03-28 00:25:49 [DiscoveryClient-CacheRefreshExecutor-%d] DEBUG o.s.web.client.RestTemplate - HTTP GET http://localhost:8761/eureka/apps/delta
2026-03-28 00:25:49 [DiscoveryClient-HeartbeatExecutor-%d] DEBUG o.s.web.client.RestTemplate - HTTP PUT http://localhost:8761/eureka/apps/AUTH-SERVICE/DESKTOP-I56EJUR:auth-service:8086?status=UP&lastDirtyTimestamp=1774624619938
2026-03-28 00:25:49 [DiscoveryClient-CacheRefreshExecutor-%d] DEBUG o.s.web.client.RestTemplate - Accept=[application/json, application/*+json]
2026-03-28 00:25:49 [DiscoveryClient-HeartbeatExecutor-%d] DEBUG o.s.web.client.RestTemplate - Accept=[application/json, application/*+json]
2026-03-28 00:25:49 [DiscoveryClient-HeartbeatExecutor-%d] DEBUG o.s.web.client.RestTemplate - Response 200 OK
2026-03-28 00:25:49 [DiscoveryClient-CacheRefreshExecutor-%d] DEBUG o.s.web.client.RestTemplate - Response 200 OK
2026-03-28 00:25:49 [DiscoveryClient-CacheRefreshExecutor-%d] DEBUG o.s.web.client.RestTemplate - Reading to [org.springframework.cloud.netflix.eureka.http.EurekaApplications]
2026-03-28 00:26:19 [DiscoveryClient-HeartbeatExecutor-%d] DEBUG o.s.web.client.RestTemplate - HTTP PUT http://localhost:8761/eureka/apps/AUTH-SERVICE/DESKTOP-I56EJUR:auth-service:8086?status=UP&lastDirtyTimestamp=1774624619938
2026-03-28 00:26:19 [DiscoveryClient-CacheRefreshExecutor-%d] DEBUG o.s.web.client.RestTemplate - HTTP GET http://localhost:8761/eureka/apps/delta
2026-03-28 00:26:19 [DiscoveryClient-CacheRefreshExecutor-%d] DEBUG o.s.web.client.RestTemplate - Accept=[application/json, application/*+json]
2026-03-28 00:26:19 [DiscoveryClient-HeartbeatExecutor-%d] DEBUG o.s.web.client.RestTemplate - Accept=[application/json, application/*+json]
2026-03-28 00:26:19 [DiscoveryClient-HeartbeatExecutor-%d] DEBUG o.s.web.client.RestTemplate - Response 200 OK
2026-03-28 00:26:19 [DiscoveryClient-CacheRefreshExecutor-%d] DEBUG o.s.web.client.RestTemplate - Response 200 OK
2026-03-28 00:26:19 [DiscoveryClient-CacheRefreshExecutor-%d] DEBUG o.s.web.client.RestTemplate - Reading to [org.springframework.cloud.netflix.eureka.http.EurekaApplications]
2026-03-28 00:26:49 [DiscoveryClient-HeartbeatExecutor-%d] DEBUG o.s.web.client.RestTemplate - HTTP PUT http://localhost:8761/eureka/apps/AUTH-SERVICE/DESKTOP-I56EJUR:auth-service:8086?status=UP&lastDirtyTimestamp=1774624619938
2026-03-28 00:26:49 [DiscoveryClient-CacheRefreshExecutor-%d] DEBUG o.s.web.client.RestTemplate - HTTP GET http://localhost:8761/eureka/apps/delta
2026-03-28 00:26:49 [DiscoveryClient-CacheRefreshExecutor-%d] DEBUG o.s.web.client.RestTemplate - Accept=[application/json, application/*+json]
2026-03-28 00:26:49 [DiscoveryClient-HeartbeatExecutor-%d] DEBUG o.s.web.client.RestTemplate - Accept=[application/json, application/*+json]
2026-03-28 00:26:49 [DiscoveryClient-HeartbeatExecutor-%d] DEBUG o.s.web.client.RestTemplate - Response 200 OK
2026-03-28 00:26:49 [DiscoveryClient-CacheRefreshExecutor-%d] DEBUG o.s.web.client.RestTemplate - Response 200 OK
2026-03-28 00:26:49 [DiscoveryClient-CacheRefreshExecutor-%d] DEBUG o.s.web.client.RestTemplate - Reading to [org.springframework.cloud.netflix.eureka.http.EurekaApplications]
2026-03-28 00:27:14 [AsyncResolver-bootstrap-executor-%d] INFO  c.n.d.s.r.aws.ConfigClusterResolver - Resolving eureka endpoints via configuration
2026-03-28 00:27:19 [DiscoveryClient-HeartbeatExecutor-%d] DEBUG o.s.web.client.RestTemplate - HTTP PUT http://localhost:8761/eureka/apps/AUTH-SERVICE/DESKTOP-I56EJUR:auth-service:8086?status=UP&lastDirtyTimestamp=1774624619938
2026-03-28 00:27:19 [DiscoveryClient-HeartbeatExecutor-%d] DEBUG o.s.web.client.RestTemplate - Accept=[application/json, application/*+json]
2026-03-28 00:27:19 [DiscoveryClient-CacheRefreshExecutor-%d] DEBUG o.s.web.client.RestTemplate - HTTP GET http://localhost:8761/eureka/apps/delta
2026-03-28 00:27:19 [DiscoveryClient-CacheRefreshExecutor-%d] DEBUG o.s.web.client.RestTemplate - Accept=[application/json, application/*+json]
2026-03-28 00:27:19 [DiscoveryClient-HeartbeatExecutor-%d] DEBUG o.s.web.client.RestTemplate - Response 200 OK
2026-03-28 00:27:19 [DiscoveryClient-CacheRefreshExecutor-%d] DEBUG o.s.web.client.RestTemplate - Response 200 OK
2026-03-28 00:27:19 [DiscoveryClient-CacheRefreshExecutor-%d] DEBUG o.s.web.client.RestTemplate - Reading to [org.springframework.cloud.netflix.eureka.http.EurekaApplications]
2026-03-28 00:27:49 [DiscoveryClient-HeartbeatExecutor-%d] DEBUG o.s.web.client.RestTemplate - HTTP PUT http://localhost:8761/eureka/apps/AUTH-SERVICE/DESKTOP-I56EJUR:auth-service:8086?status=UP&lastDirtyTimestamp=1774624619938
2026-03-28 00:27:49 [DiscoveryClient-HeartbeatExecutor-%d] DEBUG o.s.web.client.RestTemplate - Accept=[application/json, application/*+json]
2026-03-28 00:27:49 [DiscoveryClient-CacheRefreshExecutor-%d] DEBUG o.s.web.client.RestTemplate - HTTP GET http://localhost:8761/eureka/apps/delta
2026-03-28 00:27:49 [DiscoveryClient-CacheRefreshExecutor-%d] DEBUG o.s.web.client.RestTemplate - Accept=[application/json, application/*+json]
2026-03-28 00:27:49 [DiscoveryClient-HeartbeatExecutor-%d] DEBUG o.s.web.client.RestTemplate - Response 200 OK
2026-03-28 00:27:49 [DiscoveryClient-CacheRefreshExecutor-%d] DEBUG o.s.web.client.RestTemplate - Response 200 OK
2026-03-28 00:27:49 [DiscoveryClient-CacheRefreshExecutor-%d] DEBUG o.s.web.client.RestTemplate - Reading to [org.springframework.cloud.netflix.eureka.http.EurekaApplications]
2026-03-28 00:28:19 [DiscoveryClient-HeartbeatExecutor-%d] DEBUG o.s.web.client.RestTemplate - HTTP PUT http://localhost:8761/eureka/apps/AUTH-SERVICE/DESKTOP-I56EJUR:auth-service:8086?status=UP&lastDirtyTimestamp=1774624619938
2026-03-28 00:28:19 [DiscoveryClient-HeartbeatExecutor-%d] DEBUG o.s.web.client.RestTemplate - Accept=[application/json, application/*+json]
2026-03-28 00:28:19 [DiscoveryClient-CacheRefreshExecutor-%d] DEBUG o.s.web.client.RestTemplate - HTTP GET http://localhost:8761/eureka/apps/delta
2026-03-28 00:28:19 [DiscoveryClient-HeartbeatExecutor-%d] DEBUG o.s.web.client.RestTemplate - Response 200 OK
2026-03-28 00:28:19 [DiscoveryClient-CacheRefreshExecutor-%d] DEBUG o.s.web.client.RestTemplate - Accept=[application/json, application/*+json]
2026-03-28 00:28:19 [DiscoveryClient-CacheRefreshExecutor-%d] DEBUG o.s.web.client.RestTemplate - Response 200 OK
2026-03-28 00:28:19 [DiscoveryClient-CacheRefreshExecutor-%d] DEBUG o.s.web.client.RestTemplate - Reading to [org.springframework.cloud.netflix.eureka.http.EurekaApplications]
2026-03-28 00:28:49 [DiscoveryClient-HeartbeatExecutor-%d] DEBUG o.s.web.client.RestTemplate - HTTP PUT http://localhost:8761/eureka/apps/AUTH-SERVICE/DESKTOP-I56EJUR:auth-service:8086?status=UP&lastDirtyTimestamp=1774624619938
2026-03-28 00:28:49 [DiscoveryClient-HeartbeatExecutor-%d] DEBUG o.s.web.client.RestTemplate - Accept=[application/json, application/*+json]
2026-03-28 00:28:49 [DiscoveryClient-CacheRefreshExecutor-%d] DEBUG o.s.web.client.RestTemplate - HTTP GET http://localhost:8761/eureka/apps/delta
2026-03-28 00:28:49 [DiscoveryClient-CacheRefreshExecutor-%d] DEBUG o.s.web.client.RestTemplate - Accept=[application/json, application/*+json]
2026-03-28 00:28:49 [DiscoveryClient-HeartbeatExecutor-%d] DEBUG o.s.web.client.RestTemplate - Response 200 OK
2026-03-28 00:28:49 [DiscoveryClient-CacheRefreshExecutor-%d] DEBUG o.s.web.client.RestTemplate - Response 200 OK
2026-03-28 00:28:49 [DiscoveryClient-CacheRefreshExecutor-%d] DEBUG o.s.web.client.RestTemplate - Reading to [org.springframework.cloud.netflix.eureka.http.EurekaApplications]
2026-03-28 00:29:19 [DiscoveryClient-HeartbeatExecutor-%d] DEBUG o.s.web.client.RestTemplate - HTTP PUT http://localhost:8761/eureka/apps/AUTH-SERVICE/DESKTOP-I56EJUR:auth-service:8086?status=UP&lastDirtyTimestamp=1774624619938
2026-03-28 00:29:19 [DiscoveryClient-HeartbeatExecutor-%d] DEBUG o.s.web.client.RestTemplate - Accept=[application/json, application/*+json]
2026-03-28 00:29:19 [DiscoveryClient-CacheRefreshExecutor-%d] DEBUG o.s.web.client.RestTemplate - HTTP GET http://localhost:8761/eureka/apps/delta
2026-03-28 00:29:19 [DiscoveryClient-CacheRefreshExecutor-%d] DEBUG o.s.web.client.RestTemplate - Accept=[application/json, application/*+json]
2026-03-28 00:29:19 [DiscoveryClient-HeartbeatExecutor-%d] DEBUG o.s.web.client.RestTemplate - Response 200 OK
2026-03-28 00:29:19 [DiscoveryClient-CacheRefreshExecutor-%d] DEBUG o.s.web.client.RestTemplate - Response 200 OK
2026-03-28 00:29:19 [DiscoveryClient-CacheRefreshExecutor-%d] DEBUG o.s.web.client.RestTemplate - Reading to [org.springframework.cloud.netflix.eureka.http.EurekaApplications]
2026-03-28 00:29:49 [DiscoveryClient-HeartbeatExecutor-%d] DEBUG o.s.web.client.RestTemplate - HTTP PUT http://localhost:8761/eureka/apps/AUTH-SERVICE/DESKTOP-I56EJUR:auth-service:8086?status=UP&lastDirtyTimestamp=1774624619938
2026-03-28 00:29:49 [DiscoveryClient-HeartbeatExecutor-%d] DEBUG o.s.web.client.RestTemplate - Accept=[application/json, application/*+json]
2026-03-28 00:29:49 [DiscoveryClient-CacheRefreshExecutor-%d] DEBUG o.s.web.client.RestTemplate - HTTP GET http://localhost:8761/eureka/apps/delta
2026-03-28 00:29:49 [DiscoveryClient-CacheRefreshExecutor-%d] DEBUG o.s.web.client.RestTemplate - Accept=[application/json, application/*+json]
2026-03-28 00:29:49 [DiscoveryClient-HeartbeatExecutor-%d] DEBUG o.s.web.client.RestTemplate - Response 200 OK
2026-03-28 00:29:49 [DiscoveryClient-CacheRefreshExecutor-%d] DEBUG o.s.web.client.RestTemplate - Response 200 OK
2026-03-28 00:29:49 [DiscoveryClient-CacheRefreshExecutor-%d] DEBUG o.s.web.client.RestTemplate - Reading to [org.springframework.cloud.netflix.eureka.http.EurekaApplications]
2026-03-28 00:30:19 [DiscoveryClient-HeartbeatExecutor-%d] DEBUG o.s.web.client.RestTemplate - HTTP PUT http://localhost:8761/eureka/apps/AUTH-SERVICE/DESKTOP-I56EJUR:auth-service:8086?status=UP&lastDirtyTimestamp=1774624619938
2026-03-28 00:30:19 [DiscoveryClient-HeartbeatExecutor-%d] DEBUG o.s.web.client.RestTemplate - Accept=[application/json, application/*+json]
2026-03-28 00:30:19 [DiscoveryClient-CacheRefreshExecutor-%d] DEBUG o.s.web.client.RestTemplate - HTTP GET http://localhost:8761/eureka/apps/delta
2026-03-28 00:30:19 [DiscoveryClient-CacheRefreshExecutor-%d] DEBUG o.s.web.client.RestTemplate - Accept=[application/json, application/*+json]
2026-03-28 00:30:19 [DiscoveryClient-HeartbeatExecutor-%d] DEBUG o.s.web.client.RestTemplate - Response 200 OK
2026-03-28 00:30:19 [DiscoveryClient-CacheRefreshExecutor-%d] DEBUG o.s.web.client.RestTemplate - Response 200 OK
2026-03-28 00:30:19 [DiscoveryClient-CacheRefreshExecutor-%d] DEBUG o.s.web.client.RestTemplate - Reading to [org.springframework.cloud.netflix.eureka.http.EurekaApplications]
2026-03-28 00:30:49 [DiscoveryClient-HeartbeatExecutor-%d] DEBUG o.s.web.client.RestTemplate - HTTP PUT http://localhost:8761/eureka/apps/AUTH-SERVICE/DESKTOP-I56EJUR:auth-service:8086?status=UP&lastDirtyTimestamp=1774624619938
2026-03-28 00:30:49 [DiscoveryClient-HeartbeatExecutor-%d] DEBUG o.s.web.client.RestTemplate - Accept=[application/json, application/*+json]
2026-03-28 00:30:49 [DiscoveryClient-CacheRefreshExecutor-%d] DEBUG o.s.web.client.RestTemplate - HTTP GET http://localhost:8761/eureka/apps/delta
2026-03-28 00:30:49 [DiscoveryClient-CacheRefreshExecutor-%d] DEBUG o.s.web.client.RestTemplate - Accept=[application/json, application/*+json]
2026-03-28 00:30:49 [DiscoveryClient-HeartbeatExecutor-%d] DEBUG o.s.web.client.RestTemplate - Response 200 OK
2026-03-28 00:30:49 [DiscoveryClient-CacheRefreshExecutor-%d] DEBUG o.s.web.client.RestTemplate - Response 200 OK
2026-03-28 00:30:49 [DiscoveryClient-CacheRefreshExecutor-%d] DEBUG o.s.web.client.RestTemplate - Reading to [org.springframework.cloud.netflix.eureka.http.EurekaApplications]
2026-03-28 00:31:19 [DiscoveryClient-HeartbeatExecutor-%d] DEBUG o.s.web.client.RestTemplate - HTTP PUT http://localhost:8761/eureka/apps/AUTH-SERVICE/DESKTOP-I56EJUR:auth-service:8086?status=UP&lastDirtyTimestamp=1774624619938
2026-03-28 00:31:19 [DiscoveryClient-HeartbeatExecutor-%d] DEBUG o.s.web.client.RestTemplate - Accept=[application/json, application/*+json]
2026-03-28 00:31:19 [DiscoveryClient-CacheRefreshExecutor-%d] DEBUG o.s.web.client.RestTemplate - HTTP GET http://localhost:8761/eureka/apps/delta
2026-03-28 00:31:19 [DiscoveryClient-HeartbeatExecutor-%d] DEBUG o.s.web.client.RestTemplate - Response 200 OK
2026-03-28 00:31:19 [DiscoveryClient-CacheRefreshExecutor-%d] DEBUG o.s.web.client.RestTemplate - Accept=[application/json, application/*+json]
2026-03-28 00:31:19 [DiscoveryClient-CacheRefreshExecutor-%d] DEBUG o.s.web.client.RestTemplate - Response 200 OK
2026-03-28 00:31:19 [DiscoveryClient-CacheRefreshExecutor-%d] DEBUG o.s.web.client.RestTemplate - Reading to [org.springframework.cloud.netflix.eureka.http.EurekaApplications]
2026-03-28 00:31:49 [DiscoveryClient-HeartbeatExecutor-%d] DEBUG o.s.web.client.RestTemplate - HTTP PUT http://localhost:8761/eureka/apps/AUTH-SERVICE/DESKTOP-I56EJUR:auth-service:8086?status=UP&lastDirtyTimestamp=1774624619938
2026-03-28 00:31:49 [DiscoveryClient-HeartbeatExecutor-%d] DEBUG o.s.web.client.RestTemplate - Accept=[application/json, application/*+json]
2026-03-28 00:31:49 [DiscoveryClient-CacheRefreshExecutor-%d] DEBUG o.s.web.client.RestTemplate - HTTP GET http://localhost:8761/eureka/apps/delta
2026-03-28 00:31:49 [DiscoveryClient-CacheRefreshExecutor-%d] DEBUG o.s.web.client.RestTemplate - Accept=[application/json, application/*+json]
2026-03-28 00:31:49 [DiscoveryClient-HeartbeatExecutor-%d] DEBUG o.s.web.client.RestTemplate - Response 200 OK
2026-03-28 00:31:49 [DiscoveryClient-CacheRefreshExecutor-%d] DEBUG o.s.web.client.RestTemplate - Response 200 OK
2026-03-28 00:31:49 [DiscoveryClient-CacheRefreshExecutor-%d] DEBUG o.s.web.client.RestTemplate - Reading to [org.springframework.cloud.netflix.eureka.http.EurekaApplications]
2026-03-28 00:32:14 [AsyncResolver-bootstrap-executor-%d] INFO  c.n.d.s.r.aws.ConfigClusterResolver - Resolving eureka endpoints via configuration
2026-03-28 00:32:19 [DiscoveryClient-HeartbeatExecutor-%d] DEBUG o.s.web.client.RestTemplate - HTTP PUT http://localhost:8761/eureka/apps/AUTH-SERVICE/DESKTOP-I56EJUR:auth-service:8086?status=UP&lastDirtyTimestamp=1774624619938
2026-03-28 00:32:19 [DiscoveryClient-HeartbeatExecutor-%d] DEBUG o.s.web.client.RestTemplate - Accept=[application/json, application/*+json]
2026-03-28 00:32:19 [DiscoveryClient-CacheRefreshExecutor-%d] DEBUG o.s.web.client.RestTemplate - HTTP GET http://localhost:8761/eureka/apps/delta
2026-03-28 00:32:19 [DiscoveryClient-CacheRefreshExecutor-%d] DEBUG o.s.web.client.RestTemplate - Accept=[application/json, application/*+json]
2026-03-28 00:32:19 [DiscoveryClient-HeartbeatExecutor-%d] DEBUG o.s.web.client.RestTemplate - Response 200 OK
2026-03-28 00:32:19 [DiscoveryClient-CacheRefreshExecutor-%d] DEBUG o.s.web.client.RestTemplate - Response 200 OK
2026-03-28 00:32:19 [DiscoveryClient-CacheRefreshExecutor-%d] DEBUG o.s.web.client.RestTemplate - Reading to [org.springframework.cloud.netflix.eureka.http.EurekaApplications]
2026-03-28 00:32:49 [DiscoveryClient-HeartbeatExecutor-%d] DEBUG o.s.web.client.RestTemplate - HTTP PUT http://localhost:8761/eureka/apps/AUTH-SERVICE/DESKTOP-I56EJUR:auth-service:8086?status=UP&lastDirtyTimestamp=1774624619938
2026-03-28 00:32:49 [DiscoveryClient-HeartbeatExecutor-%d] DEBUG o.s.web.client.RestTemplate - Accept=[application/json, application/*+json]
2026-03-28 00:32:49 [DiscoveryClient-HeartbeatExecutor-%d] DEBUG o.s.web.client.RestTemplate - Response 200 OK
2026-03-28 00:32:49 [DiscoveryClient-CacheRefreshExecutor-%d] DEBUG o.s.web.client.RestTemplate - HTTP GET http://localhost:8761/eureka/apps/delta
2026-03-28 00:32:49 [DiscoveryClient-CacheRefreshExecutor-%d] DEBUG o.s.web.client.RestTemplate - Accept=[application/json, application/*+json]
2026-03-28 00:32:49 [DiscoveryClient-CacheRefreshExecutor-%d] DEBUG o.s.web.client.RestTemplate - Response 200 OK
2026-03-28 00:32:49 [DiscoveryClient-CacheRefreshExecutor-%d] DEBUG o.s.web.client.RestTemplate - Reading to [org.springframework.cloud.netflix.eureka.http.EurekaApplications]
2026-03-28 00:33:19 [DiscoveryClient-HeartbeatExecutor-%d] DEBUG o.s.web.client.RestTemplate - HTTP PUT http://localhost:8761/eureka/apps/AUTH-SERVICE/DESKTOP-I56EJUR:auth-service:8086?status=UP&lastDirtyTimestamp=1774624619938
2026-03-28 00:33:19 [DiscoveryClient-HeartbeatExecutor-%d] DEBUG o.s.web.client.RestTemplate - Accept=[application/json, application/*+json]
2026-03-28 00:33:19 [DiscoveryClient-CacheRefreshExecutor-%d] DEBUG o.s.web.client.RestTemplate - HTTP GET http://localhost:8761/eureka/apps/delta
2026-03-28 00:33:19 [DiscoveryClient-CacheRefreshExecutor-%d] DEBUG o.s.web.client.RestTemplate - Accept=[application/json, application/*+json]
2026-03-28 00:33:19 [DiscoveryClient-HeartbeatExecutor-%d] DEBUG o.s.web.client.RestTemplate - Response 200 OK
2026-03-28 00:33:19 [DiscoveryClient-CacheRefreshExecutor-%d] DEBUG o.s.web.client.RestTemplate - Response 200 OK
2026-03-28 00:33:19 [DiscoveryClient-CacheRefreshExecutor-%d] DEBUG o.s.web.client.RestTemplate - Reading to [org.springframework.cloud.netflix.eureka.http.EurekaApplications]
2026-03-28 00:33:49 [DiscoveryClient-HeartbeatExecutor-%d] DEBUG o.s.web.client.RestTemplate - HTTP PUT http://localhost:8761/eureka/apps/AUTH-SERVICE/DESKTOP-I56EJUR:auth-service:8086?status=UP&lastDirtyTimestamp=1774624619938
2026-03-28 00:33:49 [DiscoveryClient-HeartbeatExecutor-%d] DEBUG o.s.web.client.RestTemplate - Accept=[application/json, application/*+json]
2026-03-28 00:33:49 [DiscoveryClient-CacheRefreshExecutor-%d] DEBUG o.s.web.client.RestTemplate - HTTP GET http://localhost:8761/eureka/apps/delta
2026-03-28 00:33:49 [DiscoveryClient-CacheRefreshExecutor-%d] DEBUG o.s.web.client.RestTemplate - Accept=[application/json, application/*+json]
2026-03-28 00:33:49 [DiscoveryClient-HeartbeatExecutor-%d] DEBUG o.s.web.client.RestTemplate - Response 200 OK
2026-03-28 00:33:49 [DiscoveryClient-CacheRefreshExecutor-%d] DEBUG o.s.web.client.RestTemplate - Response 200 OK
2026-03-28 00:33:49 [DiscoveryClient-CacheRefreshExecutor-%d] DEBUG o.s.web.client.RestTemplate - Reading to [org.springframework.cloud.netflix.eureka.http.EurekaApplications]
2026-03-28 00:34:19 [DiscoveryClient-HeartbeatExecutor-%d] DEBUG o.s.web.client.RestTemplate - HTTP PUT http://localhost:8761/eureka/apps/AUTH-SERVICE/DESKTOP-I56EJUR:auth-service:8086?status=UP&lastDirtyTimestamp=1774624619938
2026-03-28 00:34:19 [DiscoveryClient-HeartbeatExecutor-%d] DEBUG o.s.web.client.RestTemplate - Accept=[application/json, application/*+json]
2026-03-28 00:34:19 [DiscoveryClient-CacheRefreshExecutor-%d] DEBUG o.s.web.client.RestTemplate - HTTP GET http://localhost:8761/eureka/apps/delta
2026-03-28 00:34:19 [DiscoveryClient-CacheRefreshExecutor-%d] DEBUG o.s.web.client.RestTemplate - Accept=[application/json, application/*+json]
2026-03-28 00:34:19 [DiscoveryClient-HeartbeatExecutor-%d] DEBUG o.s.web.client.RestTemplate - Response 200 OK
2026-03-28 00:34:19 [DiscoveryClient-CacheRefreshExecutor-%d] DEBUG o.s.web.client.RestTemplate - Response 200 OK
2026-03-28 00:34:19 [DiscoveryClient-CacheRefreshExecutor-%d] DEBUG o.s.web.client.RestTemplate - Reading to [org.springframework.cloud.netflix.eureka.http.EurekaApplications]
2026-03-28 00:34:49 [DiscoveryClient-HeartbeatExecutor-%d] DEBUG o.s.web.client.RestTemplate - HTTP PUT http://localhost:8761/eureka/apps/AUTH-SERVICE/DESKTOP-I56EJUR:auth-service:8086?status=UP&lastDirtyTimestamp=1774624619938
2026-03-28 00:34:49 [DiscoveryClient-HeartbeatExecutor-%d] DEBUG o.s.web.client.RestTemplate - Accept=[application/json, application/*+json]
2026-03-28 00:34:49 [DiscoveryClient-HeartbeatExecutor-%d] DEBUG o.s.web.client.RestTemplate - Response 200 OK
2026-03-28 00:34:49 [DiscoveryClient-CacheRefreshExecutor-%d] DEBUG o.s.web.client.RestTemplate - HTTP GET http://localhost:8761/eureka/apps/delta
2026-03-28 00:34:49 [DiscoveryClient-CacheRefreshExecutor-%d] DEBUG o.s.web.client.RestTemplate - Accept=[application/json, application/*+json]
2026-03-28 00:34:49 [DiscoveryClient-CacheRefreshExecutor-%d] DEBUG o.s.web.client.RestTemplate - Response 200 OK
2026-03-28 00:34:49 [DiscoveryClient-CacheRefreshExecutor-%d] DEBUG o.s.web.client.RestTemplate - Reading to [org.springframework.cloud.netflix.eureka.http.EurekaApplications]
2026-03-28 00:35:19 [DiscoveryClient-HeartbeatExecutor-%d] DEBUG o.s.web.client.RestTemplate - HTTP PUT http://localhost:8761/eureka/apps/AUTH-SERVICE/DESKTOP-I56EJUR:auth-service:8086?status=UP&lastDirtyTimestamp=1774624619938
2026-03-28 00:35:19 [DiscoveryClient-HeartbeatExecutor-%d] DEBUG o.s.web.client.RestTemplate - Accept=[application/json, application/*+json]
2026-03-28 00:35:19 [DiscoveryClient-HeartbeatExecutor-%d] DEBUG o.s.web.client.RestTemplate - Response 200 OK
2026-03-28 00:35:19 [DiscoveryClient-CacheRefreshExecutor-%d] DEBUG o.s.web.client.RestTemplate - HTTP GET http://localhost:8761/eureka/apps/delta
2026-03-28 00:35:19 [DiscoveryClient-CacheRefreshExecutor-%d] DEBUG o.s.web.client.RestTemplate - Accept=[application/json, application/*+json]
2026-03-28 00:35:19 [DiscoveryClient-CacheRefreshExecutor-%d] DEBUG o.s.web.client.RestTemplate - Response 200 OK
2026-03-28 00:35:19 [DiscoveryClient-CacheRefreshExecutor-%d] DEBUG o.s.web.client.RestTemplate - Reading to [org.springframework.cloud.netflix.eureka.http.EurekaApplications]
2026-03-28 00:35:49 [DiscoveryClient-HeartbeatExecutor-%d] DEBUG o.s.web.client.RestTemplate - HTTP PUT http://localhost:8761/eureka/apps/AUTH-SERVICE/DESKTOP-I56EJUR:auth-service:8086?status=UP&lastDirtyTimestamp=1774624619938
2026-03-28 00:35:49 [DiscoveryClient-HeartbeatExecutor-%d] DEBUG o.s.web.client.RestTemplate - Accept=[application/json, application/*+json]
2026-03-28 00:35:49 [DiscoveryClient-HeartbeatExecutor-%d] DEBUG o.s.web.client.RestTemplate - Response 200 OK
2026-03-28 00:35:50 [DiscoveryClient-CacheRefreshExecutor-%d] DEBUG o.s.web.client.RestTemplate - HTTP GET http://localhost:8761/eureka/apps/delta
2026-03-28 00:35:50 [DiscoveryClient-CacheRefreshExecutor-%d] DEBUG o.s.web.client.RestTemplate - Accept=[application/json, application/*+json]
2026-03-28 00:35:50 [DiscoveryClient-CacheRefreshExecutor-%d] DEBUG o.s.web.client.RestTemplate - Response 200 OK
2026-03-28 00:35:50 [DiscoveryClient-CacheRefreshExecutor-%d] DEBUG o.s.web.client.RestTemplate - Reading to [org.springframework.cloud.netflix.eureka.http.EurekaApplications]
2026-03-28 00:36:19 [DiscoveryClient-HeartbeatExecutor-%d] DEBUG o.s.web.client.RestTemplate - HTTP PUT http://localhost:8761/eureka/apps/AUTH-SERVICE/DESKTOP-I56EJUR:auth-service:8086?status=UP&lastDirtyTimestamp=1774624619938
2026-03-28 00:36:19 [DiscoveryClient-HeartbeatExecutor-%d] DEBUG o.s.web.client.RestTemplate - Accept=[application/json, application/*+json]
2026-03-28 00:36:19 [DiscoveryClient-HeartbeatExecutor-%d] DEBUG o.s.web.client.RestTemplate - Response 200 OK
2026-03-28 00:36:20 [DiscoveryClient-CacheRefreshExecutor-%d] DEBUG o.s.web.client.RestTemplate - HTTP GET http://localhost:8761/eureka/apps/delta
2026-03-28 00:36:20 [DiscoveryClient-CacheRefreshExecutor-%d] DEBUG o.s.web.client.RestTemplate - Accept=[application/json, application/*+json]
2026-03-28 00:36:20 [DiscoveryClient-CacheRefreshExecutor-%d] DEBUG o.s.web.client.RestTemplate - Response 200 OK
2026-03-28 00:36:20 [DiscoveryClient-CacheRefreshExecutor-%d] DEBUG o.s.web.client.RestTemplate - Reading to [org.springframework.cloud.netflix.eureka.http.EurekaApplications]
2026-03-28 00:36:50 [DiscoveryClient-HeartbeatExecutor-%d] DEBUG o.s.web.client.RestTemplate - HTTP PUT http://localhost:8761/eureka/apps/AUTH-SERVICE/DESKTOP-I56EJUR:auth-service:8086?status=UP&lastDirtyTimestamp=1774624619938
2026-03-28 00:36:50 [DiscoveryClient-HeartbeatExecutor-%d] DEBUG o.s.web.client.RestTemplate - Accept=[application/json, application/*+json]
2026-03-28 00:36:50 [DiscoveryClient-HeartbeatExecutor-%d] DEBUG o.s.web.client.RestTemplate - Response 200 OK
2026-03-28 00:36:50 [DiscoveryClient-CacheRefreshExecutor-%d] DEBUG o.s.web.client.RestTemplate - HTTP GET http://localhost:8761/eureka/apps/delta
2026-03-28 00:36:50 [DiscoveryClient-CacheRefreshExecutor-%d] DEBUG o.s.web.client.RestTemplate - Accept=[application/json, application/*+json]
2026-03-28 00:36:50 [DiscoveryClient-CacheRefreshExecutor-%d] DEBUG o.s.web.client.RestTemplate - Response 200 OK
2026-03-28 00:36:50 [DiscoveryClient-CacheRefreshExecutor-%d] DEBUG o.s.web.client.RestTemplate - Reading to [org.springframework.cloud.netflix.eureka.http.EurekaApplications]
2026-03-28 00:37:14 [AsyncResolver-bootstrap-executor-%d] INFO  c.n.d.s.r.aws.ConfigClusterResolver - Resolving eureka endpoints via configuration
2026-03-28 00:37:20 [DiscoveryClient-HeartbeatExecutor-%d] DEBUG o.s.web.client.RestTemplate - HTTP PUT http://localhost:8761/eureka/apps/AUTH-SERVICE/DESKTOP-I56EJUR:auth-service:8086?status=UP&lastDirtyTimestamp=1774624619938
2026-03-28 00:37:20 [DiscoveryClient-HeartbeatExecutor-%d] DEBUG o.s.web.client.RestTemplate - Accept=[application/json, application/*+json]
2026-03-28 00:37:20 [DiscoveryClient-HeartbeatExecutor-%d] DEBUG o.s.web.client.RestTemplate - Response 200 OK
2026-03-28 00:37:20 [DiscoveryClient-CacheRefreshExecutor-%d] DEBUG o.s.web.client.RestTemplate - HTTP GET http://localhost:8761/eureka/apps/delta
2026-03-28 00:37:20 [DiscoveryClient-CacheRefreshExecutor-%d] DEBUG o.s.web.client.RestTemplate - Accept=[application/json, application/*+json]
2026-03-28 00:37:20 [DiscoveryClient-CacheRefreshExecutor-%d] DEBUG o.s.web.client.RestTemplate - Response 200 OK
2026-03-28 00:37:20 [DiscoveryClient-CacheRefreshExecutor-%d] DEBUG o.s.web.client.RestTemplate - Reading to [org.springframework.cloud.netflix.eureka.http.EurekaApplications]
2026-03-28 00:37:50 [DiscoveryClient-HeartbeatExecutor-%d] DEBUG o.s.web.client.RestTemplate - HTTP PUT http://localhost:8761/eureka/apps/AUTH-SERVICE/DESKTOP-I56EJUR:auth-service:8086?status=UP&lastDirtyTimestamp=1774624619938
2026-03-28 00:37:50 [DiscoveryClient-HeartbeatExecutor-%d] DEBUG o.s.web.client.RestTemplate - Accept=[application/json, application/*+json]
2026-03-28 00:37:50 [DiscoveryClient-HeartbeatExecutor-%d] DEBUG o.s.web.client.RestTemplate - Response 200 OK
2026-03-28 00:37:50 [DiscoveryClient-CacheRefreshExecutor-%d] DEBUG o.s.web.client.RestTemplate - HTTP GET http://localhost:8761/eureka/apps/delta
2026-03-28 00:37:50 [DiscoveryClient-CacheRefreshExecutor-%d] DEBUG o.s.web.client.RestTemplate - Accept=[application/json, application/*+json]
2026-03-28 00:37:50 [DiscoveryClient-CacheRefreshExecutor-%d] DEBUG o.s.web.client.RestTemplate - Response 200 OK
2026-03-28 00:37:50 [DiscoveryClient-CacheRefreshExecutor-%d] DEBUG o.s.web.client.RestTemplate - Reading to [org.springframework.cloud.netflix.eureka.http.EurekaApplications]
2026-03-28 00:38:20 [DiscoveryClient-HeartbeatExecutor-%d] DEBUG o.s.web.client.RestTemplate - HTTP PUT http://localhost:8761/eureka/apps/AUTH-SERVICE/DESKTOP-I56EJUR:auth-service:8086?status=UP&lastDirtyTimestamp=1774624619938
2026-03-28 00:38:20 [DiscoveryClient-HeartbeatExecutor-%d] DEBUG o.s.web.client.RestTemplate - Accept=[application/json, application/*+json]
2026-03-28 00:38:20 [DiscoveryClient-HeartbeatExecutor-%d] DEBUG o.s.web.client.RestTemplate - Response 200 OK
2026-03-28 00:38:20 [DiscoveryClient-CacheRefreshExecutor-%d] DEBUG o.s.web.client.RestTemplate - HTTP GET http://localhost:8761/eureka/apps/delta
2026-03-28 00:38:20 [DiscoveryClient-CacheRefreshExecutor-%d] DEBUG o.s.web.client.RestTemplate - Accept=[application/json, application/*+json]
2026-03-28 00:38:20 [DiscoveryClient-CacheRefreshExecutor-%d] DEBUG o.s.web.client.RestTemplate - Response 200 OK
2026-03-28 00:38:20 [DiscoveryClient-CacheRefreshExecutor-%d] DEBUG o.s.web.client.RestTemplate - Reading to [org.springframework.cloud.netflix.eureka.http.EurekaApplications]
2026-03-28 00:38:50 [DiscoveryClient-HeartbeatExecutor-%d] DEBUG o.s.web.client.RestTemplate - HTTP PUT http://localhost:8761/eureka/apps/AUTH-SERVICE/DESKTOP-I56EJUR:auth-service:8086?status=UP&lastDirtyTimestamp=1774624619938
2026-03-28 00:38:50 [DiscoveryClient-HeartbeatExecutor-%d] DEBUG o.s.web.client.RestTemplate - Accept=[application/json, application/*+json]
2026-03-28 00:38:50 [DiscoveryClient-HeartbeatExecutor-%d] DEBUG o.s.web.client.RestTemplate - Response 200 OK
2026-03-28 00:38:50 [DiscoveryClient-CacheRefreshExecutor-%d] DEBUG o.s.web.client.RestTemplate - HTTP GET http://localhost:8761/eureka/apps/delta
2026-03-28 00:38:50 [DiscoveryClient-CacheRefreshExecutor-%d] DEBUG o.s.web.client.RestTemplate - Accept=[application/json, application/*+json]
2026-03-28 00:38:50 [DiscoveryClient-CacheRefreshExecutor-%d] DEBUG o.s.web.client.RestTemplate - Response 200 OK
2026-03-28 00:38:50 [DiscoveryClient-CacheRefreshExecutor-%d] DEBUG o.s.web.client.RestTemplate - Reading to [org.springframework.cloud.netflix.eureka.http.EurekaApplications]
2026-03-28 00:39:20 [DiscoveryClient-HeartbeatExecutor-%d] DEBUG o.s.web.client.RestTemplate - HTTP PUT http://localhost:8761/eureka/apps/AUTH-SERVICE/DESKTOP-I56EJUR:auth-service:8086?status=UP&lastDirtyTimestamp=1774624619938
2026-03-28 00:39:20 [DiscoveryClient-HeartbeatExecutor-%d] DEBUG o.s.web.client.RestTemplate - Accept=[application/json, application/*+json]
2026-03-28 00:39:20 [DiscoveryClient-HeartbeatExecutor-%d] DEBUG o.s.web.client.RestTemplate - Response 200 OK
2026-03-28 00:39:20 [DiscoveryClient-CacheRefreshExecutor-%d] DEBUG o.s.web.client.RestTemplate - HTTP GET http://localhost:8761/eureka/apps/delta
2026-03-28 00:39:20 [DiscoveryClient-CacheRefreshExecutor-%d] DEBUG o.s.web.client.RestTemplate - Accept=[application/json, application/*+json]
2026-03-28 00:39:20 [DiscoveryClient-CacheRefreshExecutor-%d] DEBUG o.s.web.client.RestTemplate - Response 200 OK
2026-03-28 00:39:20 [DiscoveryClient-CacheRefreshExecutor-%d] DEBUG o.s.web.client.RestTemplate - Reading to [org.springframework.cloud.netflix.eureka.http.EurekaApplications]
2026-03-28 00:51:23 [HikariPool-1 housekeeper] WARN  com.zaxxer.hikari.pool.HikariPool - HikariPool-1 - Thread starvation or clock leap detected (housekeeper delta=12m13s472ms567µs400ns).
2026-03-28 00:51:33 [DiscoveryClient-HeartbeatExecutor-%d] DEBUG o.s.web.client.RestTemplate - HTTP PUT http://localhost:8761/eureka/apps/AUTH-SERVICE/DESKTOP-I56EJUR:auth-service:8086?status=UP&lastDirtyTimestamp=1774624619938
2026-03-28 00:51:33 [DiscoveryClient-CacheRefreshExecutor-%d] DEBUG o.s.web.client.RestTemplate - HTTP GET http://localhost:8761/eureka/apps/delta
2026-03-28 00:51:33 [DiscoveryClient-HeartbeatExecutor-%d] DEBUG o.s.web.client.RestTemplate - Accept=[application/json, application/*+json]
2026-03-28 00:51:33 [DiscoveryClient-CacheRefreshExecutor-%d] DEBUG o.s.web.client.RestTemplate - Accept=[application/json, application/*+json]
2026-03-28 00:51:33 [DiscoveryClient-HeartbeatExecutor-%d] DEBUG o.s.web.client.RestTemplate - Response 200 OK
2026-03-28 00:51:33 [DiscoveryClient-CacheRefreshExecutor-%d] DEBUG o.s.web.client.RestTemplate - Response 200 OK
2026-03-28 00:51:33 [DiscoveryClient-CacheRefreshExecutor-%d] DEBUG o.s.web.client.RestTemplate - Reading to [org.springframework.cloud.netflix.eureka.http.EurekaApplications]
2026-03-28 00:52:03 [DiscoveryClient-CacheRefreshExecutor-%d] DEBUG o.s.web.client.RestTemplate - HTTP GET http://localhost:8761/eureka/apps/delta
2026-03-28 00:52:03 [DiscoveryClient-CacheRefreshExecutor-%d] DEBUG o.s.web.client.RestTemplate - Accept=[application/json, application/*+json]
2026-03-28 00:52:03 [DiscoveryClient-HeartbeatExecutor-%d] DEBUG o.s.web.client.RestTemplate - HTTP PUT http://localhost:8761/eureka/apps/AUTH-SERVICE/DESKTOP-I56EJUR:auth-service:8086?status=UP&lastDirtyTimestamp=1774624619938
2026-03-28 00:52:03 [DiscoveryClient-HeartbeatExecutor-%d] DEBUG o.s.web.client.RestTemplate - Accept=[application/json, application/*+json]
2026-03-28 00:52:03 [DiscoveryClient-HeartbeatExecutor-%d] DEBUG o.s.web.client.RestTemplate - Response 200 OK
2026-03-28 00:52:03 [DiscoveryClient-CacheRefreshExecutor-%d] DEBUG o.s.web.client.RestTemplate - Response 200 OK
2026-03-28 00:52:03 [DiscoveryClient-CacheRefreshExecutor-%d] DEBUG o.s.web.client.RestTemplate - Reading to [org.springframework.cloud.netflix.eureka.http.EurekaApplications]
2026-03-28 00:52:33 [DiscoveryClient-CacheRefreshExecutor-%d] DEBUG o.s.web.client.RestTemplate - HTTP GET http://localhost:8761/eureka/apps/delta
2026-03-28 00:52:33 [DiscoveryClient-HeartbeatExecutor-%d] DEBUG o.s.web.client.RestTemplate - HTTP PUT http://localhost:8761/eureka/apps/AUTH-SERVICE/DESKTOP-I56EJUR:auth-service:8086?status=UP&lastDirtyTimestamp=1774624619938
2026-03-28 00:52:33 [DiscoveryClient-HeartbeatExecutor-%d] DEBUG o.s.web.client.RestTemplate - Accept=[application/json, application/*+json]
2026-03-28 00:52:33 [DiscoveryClient-CacheRefreshExecutor-%d] DEBUG o.s.web.client.RestTemplate - Accept=[application/json, application/*+json]
2026-03-28 00:52:33 [DiscoveryClient-CacheRefreshExecutor-%d] DEBUG o.s.web.client.RestTemplate - Response 200 OK
2026-03-28 00:52:33 [DiscoveryClient-CacheRefreshExecutor-%d] DEBUG o.s.web.client.RestTemplate - Reading to [org.springframework.cloud.netflix.eureka.http.EurekaApplications]
2026-03-28 00:52:33 [DiscoveryClient-HeartbeatExecutor-%d] DEBUG o.s.web.client.RestTemplate - Response 200 OK
2026-03-28 00:53:03 [DiscoveryClient-CacheRefreshExecutor-%d] DEBUG o.s.web.client.RestTemplate - HTTP GET http://localhost:8761/eureka/apps/delta
2026-03-28 00:53:03 [DiscoveryClient-CacheRefreshExecutor-%d] DEBUG o.s.web.client.RestTemplate - Accept=[application/json, application/*+json]
2026-03-28 00:53:03 [DiscoveryClient-HeartbeatExecutor-%d] DEBUG o.s.web.client.RestTemplate - HTTP PUT http://localhost:8761/eureka/apps/AUTH-SERVICE/DESKTOP-I56EJUR:auth-service:8086?status=UP&lastDirtyTimestamp=1774624619938
2026-03-28 00:53:03 [DiscoveryClient-HeartbeatExecutor-%d] DEBUG o.s.web.client.RestTemplate - Accept=[application/json, application/*+json]
2026-03-28 00:53:03 [DiscoveryClient-CacheRefreshExecutor-%d] DEBUG o.s.web.client.RestTemplate - Response 200 OK
2026-03-28 00:53:03 [DiscoveryClient-CacheRefreshExecutor-%d] DEBUG o.s.web.client.RestTemplate - Reading to [org.springframework.cloud.netflix.eureka.http.EurekaApplications]
2026-03-28 00:53:03 [DiscoveryClient-HeartbeatExecutor-%d] DEBUG o.s.web.client.RestTemplate - Response 200 OK
2026-03-28 00:53:33 [DiscoveryClient-CacheRefreshExecutor-%d] DEBUG o.s.web.client.RestTemplate - HTTP GET http://localhost:8761/eureka/apps/delta
2026-03-28 00:53:33 [DiscoveryClient-HeartbeatExecutor-%d] DEBUG o.s.web.client.RestTemplate - HTTP PUT http://localhost:8761/eureka/apps/AUTH-SERVICE/DESKTOP-I56EJUR:auth-service:8086?status=UP&lastDirtyTimestamp=1774624619938
2026-03-28 00:53:33 [DiscoveryClient-CacheRefreshExecutor-%d] DEBUG o.s.web.client.RestTemplate - Accept=[application/json, application/*+json]
2026-03-28 00:53:33 [DiscoveryClient-HeartbeatExecutor-%d] DEBUG o.s.web.client.RestTemplate - Accept=[application/json, application/*+json]
2026-03-28 00:53:33 [DiscoveryClient-CacheRefreshExecutor-%d] DEBUG o.s.web.client.RestTemplate - Response 200 OK
2026-03-28 00:53:33 [DiscoveryClient-CacheRefreshExecutor-%d] DEBUG o.s.web.client.RestTemplate - Reading to [org.springframework.cloud.netflix.eureka.http.EurekaApplications]
2026-03-28 00:53:33 [DiscoveryClient-HeartbeatExecutor-%d] DEBUG o.s.web.client.RestTemplate - Response 200 OK
2026-03-28 00:53:57 [AsyncResolver-bootstrap-executor-%d] INFO  c.n.d.s.r.aws.ConfigClusterResolver - Resolving eureka endpoints via configuration
2026-03-28 00:54:03 [DiscoveryClient-CacheRefreshExecutor-%d] DEBUG o.s.web.client.RestTemplate - HTTP GET http://localhost:8761/eureka/apps/delta
2026-03-28 00:54:03 [DiscoveryClient-HeartbeatExecutor-%d] DEBUG o.s.web.client.RestTemplate - HTTP PUT http://localhost:8761/eureka/apps/AUTH-SERVICE/DESKTOP-I56EJUR:auth-service:8086?status=UP&lastDirtyTimestamp=1774624619938
2026-03-28 00:54:03 [DiscoveryClient-HeartbeatExecutor-%d] DEBUG o.s.web.client.RestTemplate - Accept=[application/json, application/*+json]
2026-03-28 00:54:03 [DiscoveryClient-CacheRefreshExecutor-%d] DEBUG o.s.web.client.RestTemplate - Accept=[application/json, application/*+json]
2026-03-28 00:54:03 [DiscoveryClient-CacheRefreshExecutor-%d] DEBUG o.s.web.client.RestTemplate - Response 200 OK
2026-03-28 00:54:03 [DiscoveryClient-HeartbeatExecutor-%d] DEBUG o.s.web.client.RestTemplate - Response 200 OK
2026-03-28 00:54:03 [DiscoveryClient-CacheRefreshExecutor-%d] DEBUG o.s.web.client.RestTemplate - Reading to [org.springframework.cloud.netflix.eureka.http.EurekaApplications]
2026-03-28 00:54:33 [DiscoveryClient-HeartbeatExecutor-%d] DEBUG o.s.web.client.RestTemplate - HTTP PUT http://localhost:8761/eureka/apps/AUTH-SERVICE/DESKTOP-I56EJUR:auth-service:8086?status=UP&lastDirtyTimestamp=1774624619938
2026-03-28 00:54:33 [DiscoveryClient-HeartbeatExecutor-%d] DEBUG o.s.web.client.RestTemplate - Accept=[application/json, application/*+json]
2026-03-28 00:54:33 [DiscoveryClient-CacheRefreshExecutor-%d] DEBUG o.s.web.client.RestTemplate - HTTP GET http://localhost:8761/eureka/apps/delta
2026-03-28 00:54:33 [DiscoveryClient-CacheRefreshExecutor-%d] DEBUG o.s.web.client.RestTemplate - Accept=[application/json, application/*+json]
2026-03-28 00:54:33 [DiscoveryClient-HeartbeatExecutor-%d] DEBUG o.s.web.client.RestTemplate - Response 200 OK
2026-03-28 00:54:33 [DiscoveryClient-CacheRefreshExecutor-%d] DEBUG o.s.web.client.RestTemplate - Response 200 OK
2026-03-28 00:54:33 [DiscoveryClient-CacheRefreshExecutor-%d] DEBUG o.s.web.client.RestTemplate - Reading to [org.springframework.cloud.netflix.eureka.http.EurekaApplications]
2026-03-28 00:55:03 [DiscoveryClient-HeartbeatExecutor-%d] DEBUG o.s.web.client.RestTemplate - HTTP PUT http://localhost:8761/eureka/apps/AUTH-SERVICE/DESKTOP-I56EJUR:auth-service:8086?status=UP&lastDirtyTimestamp=1774624619938
2026-03-28 00:55:03 [DiscoveryClient-HeartbeatExecutor-%d] DEBUG o.s.web.client.RestTemplate - Accept=[application/json, application/*+json]
2026-03-28 00:55:03 [DiscoveryClient-CacheRefreshExecutor-%d] DEBUG o.s.web.client.RestTemplate - HTTP GET http://localhost:8761/eureka/apps/delta
2026-03-28 00:55:03 [DiscoveryClient-CacheRefreshExecutor-%d] DEBUG o.s.web.client.RestTemplate - Accept=[application/json, application/*+json]
2026-03-28 00:55:03 [DiscoveryClient-HeartbeatExecutor-%d] DEBUG o.s.web.client.RestTemplate - Response 200 OK
2026-03-28 00:55:03 [DiscoveryClient-CacheRefreshExecutor-%d] DEBUG o.s.web.client.RestTemplate - Response 200 OK
2026-03-28 00:55:03 [DiscoveryClient-CacheRefreshExecutor-%d] DEBUG o.s.web.client.RestTemplate - Reading to [org.springframework.cloud.netflix.eureka.http.EurekaApplications]
2026-03-28 00:55:33 [DiscoveryClient-HeartbeatExecutor-%d] DEBUG o.s.web.client.RestTemplate - HTTP PUT http://localhost:8761/eureka/apps/AUTH-SERVICE/DESKTOP-I56EJUR:auth-service:8086?status=UP&lastDirtyTimestamp=1774624619938
2026-03-28 00:55:33 [DiscoveryClient-HeartbeatExecutor-%d] DEBUG o.s.web.client.RestTemplate - Accept=[application/json, application/*+json]
2026-03-28 00:55:33 [DiscoveryClient-HeartbeatExecutor-%d] DEBUG o.s.web.client.RestTemplate - Response 200 OK
2026-03-28 00:55:33 [DiscoveryClient-CacheRefreshExecutor-%d] DEBUG o.s.web.client.RestTemplate - HTTP GET http://localhost:8761/eureka/apps/delta
2026-03-28 00:55:33 [DiscoveryClient-CacheRefreshExecutor-%d] DEBUG o.s.web.client.RestTemplate - Accept=[application/json, application/*+json]
2026-03-28 00:55:33 [DiscoveryClient-CacheRefreshExecutor-%d] DEBUG o.s.web.client.RestTemplate - Response 200 OK
2026-03-28 00:55:33 [DiscoveryClient-CacheRefreshExecutor-%d] DEBUG o.s.web.client.RestTemplate - Reading to [org.springframework.cloud.netflix.eureka.http.EurekaApplications]
2026-03-28 00:56:03 [DiscoveryClient-HeartbeatExecutor-%d] DEBUG o.s.web.client.RestTemplate - HTTP PUT http://localhost:8761/eureka/apps/AUTH-SERVICE/DESKTOP-I56EJUR:auth-service:8086?status=UP&lastDirtyTimestamp=1774624619938
2026-03-28 00:56:03 [DiscoveryClient-HeartbeatExecutor-%d] DEBUG o.s.web.client.RestTemplate - Accept=[application/json, application/*+json]
2026-03-28 00:56:03 [DiscoveryClient-HeartbeatExecutor-%d] DEBUG o.s.web.client.RestTemplate - Response 200 OK
2026-03-28 00:56:03 [DiscoveryClient-CacheRefreshExecutor-%d] DEBUG o.s.web.client.RestTemplate - HTTP GET http://localhost:8761/eureka/apps/delta
2026-03-28 00:56:03 [DiscoveryClient-CacheRefreshExecutor-%d] DEBUG o.s.web.client.RestTemplate - Accept=[application/json, application/*+json]
2026-03-28 00:56:03 [DiscoveryClient-CacheRefreshExecutor-%d] DEBUG o.s.web.client.RestTemplate - Response 200 OK
2026-03-28 00:56:03 [DiscoveryClient-CacheRefreshExecutor-%d] DEBUG o.s.web.client.RestTemplate - Reading to [org.springframework.cloud.netflix.eureka.http.EurekaApplications]
2026-03-28 00:56:33 [DiscoveryClient-HeartbeatExecutor-%d] DEBUG o.s.web.client.RestTemplate - HTTP PUT http://localhost:8761/eureka/apps/AUTH-SERVICE/DESKTOP-I56EJUR:auth-service:8086?status=UP&lastDirtyTimestamp=1774624619938
2026-03-28 00:56:33 [DiscoveryClient-HeartbeatExecutor-%d] DEBUG o.s.web.client.RestTemplate - Accept=[application/json, application/*+json]
2026-03-28 00:56:33 [DiscoveryClient-HeartbeatExecutor-%d] DEBUG o.s.web.client.RestTemplate - Response 200 OK
2026-03-28 00:56:33 [DiscoveryClient-CacheRefreshExecutor-%d] DEBUG o.s.web.client.RestTemplate - HTTP GET http://localhost:8761/eureka/apps/delta
2026-03-28 00:56:33 [DiscoveryClient-CacheRefreshExecutor-%d] DEBUG o.s.web.client.RestTemplate - Accept=[application/json, application/*+json]
2026-03-28 00:56:33 [DiscoveryClient-CacheRefreshExecutor-%d] DEBUG o.s.web.client.RestTemplate - Response 200 OK
2026-03-28 00:56:33 [DiscoveryClient-CacheRefreshExecutor-%d] DEBUG o.s.web.client.RestTemplate - Reading to [org.springframework.cloud.netflix.eureka.http.EurekaApplications]
2026-03-28 00:57:03 [DiscoveryClient-HeartbeatExecutor-%d] DEBUG o.s.web.client.RestTemplate - HTTP PUT http://localhost:8761/eureka/apps/AUTH-SERVICE/DESKTOP-I56EJUR:auth-service:8086?status=UP&lastDirtyTimestamp=1774624619938
2026-03-28 00:57:03 [DiscoveryClient-HeartbeatExecutor-%d] DEBUG o.s.web.client.RestTemplate - Accept=[application/json, application/*+json]
2026-03-28 00:57:03 [DiscoveryClient-HeartbeatExecutor-%d] DEBUG o.s.web.client.RestTemplate - Response 200 OK
2026-03-28 00:57:03 [DiscoveryClient-CacheRefreshExecutor-%d] DEBUG o.s.web.client.RestTemplate - HTTP GET http://localhost:8761/eureka/apps/delta
2026-03-28 00:57:03 [DiscoveryClient-CacheRefreshExecutor-%d] DEBUG o.s.web.client.RestTemplate - Accept=[application/json, application/*+json]
2026-03-28 00:57:03 [DiscoveryClient-CacheRefreshExecutor-%d] DEBUG o.s.web.client.RestTemplate - Response 200 OK
2026-03-28 00:57:03 [DiscoveryClient-CacheRefreshExecutor-%d] DEBUG o.s.web.client.RestTemplate - Reading to [org.springframework.cloud.netflix.eureka.http.EurekaApplications]
2026-03-28 00:57:33 [DiscoveryClient-HeartbeatExecutor-%d] DEBUG o.s.web.client.RestTemplate - HTTP PUT http://localhost:8761/eureka/apps/AUTH-SERVICE/DESKTOP-I56EJUR:auth-service:8086?status=UP&lastDirtyTimestamp=1774624619938
2026-03-28 00:57:33 [DiscoveryClient-HeartbeatExecutor-%d] DEBUG o.s.web.client.RestTemplate - Accept=[application/json, application/*+json]
2026-03-28 00:57:33 [DiscoveryClient-HeartbeatExecutor-%d] DEBUG o.s.web.client.RestTemplate - Response 200 OK
2026-03-28 00:57:33 [DiscoveryClient-CacheRefreshExecutor-%d] DEBUG o.s.web.client.RestTemplate - HTTP GET http://localhost:8761/eureka/apps/delta
2026-03-28 00:57:33 [DiscoveryClient-CacheRefreshExecutor-%d] DEBUG o.s.web.client.RestTemplate - Accept=[application/json, application/*+json]
2026-03-28 00:57:33 [DiscoveryClient-CacheRefreshExecutor-%d] DEBUG o.s.web.client.RestTemplate - Response 200 OK
2026-03-28 00:57:33 [DiscoveryClient-CacheRefreshExecutor-%d] DEBUG o.s.web.client.RestTemplate - Reading to [org.springframework.cloud.netflix.eureka.http.EurekaApplications]
2026-03-28 00:58:03 [DiscoveryClient-CacheRefreshExecutor-%d] DEBUG o.s.web.client.RestTemplate - HTTP GET http://localhost:8761/eureka/apps/delta
2026-03-28 00:58:03 [DiscoveryClient-HeartbeatExecutor-%d] DEBUG o.s.web.client.RestTemplate - HTTP PUT http://localhost:8761/eureka/apps/AUTH-SERVICE/DESKTOP-I56EJUR:auth-service:8086?status=UP&lastDirtyTimestamp=1774624619938
2026-03-28 00:58:03 [DiscoveryClient-HeartbeatExecutor-%d] DEBUG o.s.web.client.RestTemplate - Accept=[application/json, application/*+json]
2026-03-28 00:58:03 [DiscoveryClient-CacheRefreshExecutor-%d] DEBUG o.s.web.client.RestTemplate - Accept=[application/json, application/*+json]
2026-03-28 00:58:04 [DiscoveryClient-CacheRefreshExecutor-%d] DEBUG o.s.web.client.RestTemplate - Response 200 OK
2026-03-28 00:58:04 [DiscoveryClient-HeartbeatExecutor-%d] DEBUG o.s.web.client.RestTemplate - Response 200 OK
2026-03-28 00:58:04 [DiscoveryClient-CacheRefreshExecutor-%d] DEBUG o.s.web.client.RestTemplate - Reading to [org.springframework.cloud.netflix.eureka.http.EurekaApplications]
2026-03-28 00:58:34 [DiscoveryClient-CacheRefreshExecutor-%d] DEBUG o.s.web.client.RestTemplate - HTTP GET http://localhost:8761/eureka/apps/delta
2026-03-28 00:58:34 [DiscoveryClient-CacheRefreshExecutor-%d] DEBUG o.s.web.client.RestTemplate - Accept=[application/json, application/*+json]
2026-03-28 00:58:34 [DiscoveryClient-HeartbeatExecutor-%d] DEBUG o.s.web.client.RestTemplate - HTTP PUT http://localhost:8761/eureka/apps/AUTH-SERVICE/DESKTOP-I56EJUR:auth-service:8086?status=UP&lastDirtyTimestamp=1774624619938
2026-03-28 00:58:34 [DiscoveryClient-HeartbeatExecutor-%d] DEBUG o.s.web.client.RestTemplate - Accept=[application/json, application/*+json]
2026-03-28 00:58:34 [DiscoveryClient-HeartbeatExecutor-%d] DEBUG o.s.web.client.RestTemplate - Response 200 OK
2026-03-28 00:58:34 [DiscoveryClient-CacheRefreshExecutor-%d] DEBUG o.s.web.client.RestTemplate - Response 200 OK
2026-03-28 00:58:34 [DiscoveryClient-CacheRefreshExecutor-%d] DEBUG o.s.web.client.RestTemplate - Reading to [org.springframework.cloud.netflix.eureka.http.EurekaApplications]
2026-03-28 00:58:57 [AsyncResolver-bootstrap-executor-%d] INFO  c.n.d.s.r.aws.ConfigClusterResolver - Resolving eureka endpoints via configuration
2026-03-28 00:59:04 [DiscoveryClient-HeartbeatExecutor-%d] DEBUG o.s.web.client.RestTemplate - HTTP PUT http://localhost:8761/eureka/apps/AUTH-SERVICE/DESKTOP-I56EJUR:auth-service:8086?status=UP&lastDirtyTimestamp=1774624619938
2026-03-28 00:59:04 [DiscoveryClient-HeartbeatExecutor-%d] DEBUG o.s.web.client.RestTemplate - Accept=[application/json, application/*+json]
2026-03-28 00:59:04 [DiscoveryClient-CacheRefreshExecutor-%d] DEBUG o.s.web.client.RestTemplate - HTTP GET http://localhost:8761/eureka/apps/delta
2026-03-28 00:59:04 [DiscoveryClient-CacheRefreshExecutor-%d] DEBUG o.s.web.client.RestTemplate - Accept=[application/json, application/*+json]
2026-03-28 00:59:04 [DiscoveryClient-CacheRefreshExecutor-%d] DEBUG o.s.web.client.RestTemplate - Response 200 OK
2026-03-28 00:59:04 [DiscoveryClient-HeartbeatExecutor-%d] DEBUG o.s.web.client.RestTemplate - Response 200 OK
2026-03-28 00:59:04 [DiscoveryClient-CacheRefreshExecutor-%d] DEBUG o.s.web.client.RestTemplate - Reading to [org.springframework.cloud.netflix.eureka.http.EurekaApplications]
2026-03-28 00:59:34 [DiscoveryClient-CacheRefreshExecutor-%d] DEBUG o.s.web.client.RestTemplate - HTTP GET http://localhost:8761/eureka/apps/delta
2026-03-28 00:59:34 [DiscoveryClient-CacheRefreshExecutor-%d] DEBUG o.s.web.client.RestTemplate - Accept=[application/json, application/*+json]
2026-03-28 00:59:34 [DiscoveryClient-HeartbeatExecutor-%d] DEBUG o.s.web.client.RestTemplate - HTTP PUT http://localhost:8761/eureka/apps/AUTH-SERVICE/DESKTOP-I56EJUR:auth-service:8086?status=UP&lastDirtyTimestamp=1774624619938
2026-03-28 00:59:34 [DiscoveryClient-HeartbeatExecutor-%d] DEBUG o.s.web.client.RestTemplate - Accept=[application/json, application/*+json]
2026-03-28 00:59:34 [DiscoveryClient-HeartbeatExecutor-%d] DEBUG o.s.web.client.RestTemplate - Response 200 OK
2026-03-28 00:59:34 [DiscoveryClient-CacheRefreshExecutor-%d] DEBUG o.s.web.client.RestTemplate - Response 200 OK
2026-03-28 00:59:34 [DiscoveryClient-CacheRefreshExecutor-%d] DEBUG o.s.web.client.RestTemplate - Reading to [org.springframework.cloud.netflix.eureka.http.EurekaApplications]
2026-03-28 01:00:04 [DiscoveryClient-HeartbeatExecutor-%d] DEBUG o.s.web.client.RestTemplate - HTTP PUT http://localhost:8761/eureka/apps/AUTH-SERVICE/DESKTOP-I56EJUR:auth-service:8086?status=UP&lastDirtyTimestamp=1774624619938
2026-03-28 01:00:04 [DiscoveryClient-CacheRefreshExecutor-%d] DEBUG o.s.web.client.RestTemplate - HTTP GET http://localhost:8761/eureka/apps/delta
2026-03-28 01:00:04 [DiscoveryClient-HeartbeatExecutor-%d] DEBUG o.s.web.client.RestTemplate - Accept=[application/json, application/*+json]
2026-03-28 01:00:04 [DiscoveryClient-CacheRefreshExecutor-%d] DEBUG o.s.web.client.RestTemplate - Accept=[application/json, application/*+json]
2026-03-28 01:00:04 [DiscoveryClient-HeartbeatExecutor-%d] DEBUG o.s.web.client.RestTemplate - Response 200 OK
2026-03-28 01:00:04 [DiscoveryClient-CacheRefreshExecutor-%d] DEBUG o.s.web.client.RestTemplate - Response 200 OK
2026-03-28 01:00:04 [DiscoveryClient-CacheRefreshExecutor-%d] DEBUG o.s.web.client.RestTemplate - Reading to [org.springframework.cloud.netflix.eureka.http.EurekaApplications]
2026-03-28 01:05:50 [HikariPool-1 housekeeper] WARN  com.zaxxer.hikari.pool.HikariPool - HikariPool-1 - Thread starvation or clock leap detected (housekeeper delta=5m56s282ms671µs600ns).
2026-03-28 01:06:00 [DiscoveryClient-CacheRefreshExecutor-%d] DEBUG o.s.web.client.RestTemplate - HTTP GET http://localhost:8761/eureka/apps/delta
2026-03-28 01:06:00 [DiscoveryClient-HeartbeatExecutor-%d] DEBUG o.s.web.client.RestTemplate - HTTP PUT http://localhost:8761/eureka/apps/AUTH-SERVICE/DESKTOP-I56EJUR:auth-service:8086?status=UP&lastDirtyTimestamp=1774624619938
2026-03-28 01:06:00 [DiscoveryClient-HeartbeatExecutor-%d] DEBUG o.s.web.client.RestTemplate - Accept=[application/json, application/*+json]
2026-03-28 01:06:00 [DiscoveryClient-CacheRefreshExecutor-%d] DEBUG o.s.web.client.RestTemplate - Accept=[application/json, application/*+json]
2026-03-28 01:06:00 [DiscoveryClient-HeartbeatExecutor-%d] DEBUG o.s.web.client.RestTemplate - Response 200 OK
2026-03-28 01:06:00 [DiscoveryClient-CacheRefreshExecutor-%d] DEBUG o.s.web.client.RestTemplate - Response 200 OK
2026-03-28 01:06:00 [DiscoveryClient-CacheRefreshExecutor-%d] DEBUG o.s.web.client.RestTemplate - Reading to [org.springframework.cloud.netflix.eureka.http.EurekaApplications]
2026-03-28 01:06:30 [DiscoveryClient-HeartbeatExecutor-%d] DEBUG o.s.web.client.RestTemplate - HTTP PUT http://localhost:8761/eureka/apps/AUTH-SERVICE/DESKTOP-I56EJUR:auth-service:8086?status=UP&lastDirtyTimestamp=1774624619938
2026-03-28 01:06:30 [DiscoveryClient-HeartbeatExecutor-%d] DEBUG o.s.web.client.RestTemplate - Accept=[application/json, application/*+json]
2026-03-28 01:06:30 [DiscoveryClient-CacheRefreshExecutor-%d] DEBUG o.s.web.client.RestTemplate - HTTP GET http://localhost:8761/eureka/apps/delta
2026-03-28 01:06:30 [DiscoveryClient-CacheRefreshExecutor-%d] DEBUG o.s.web.client.RestTemplate - Accept=[application/json, application/*+json]
2026-03-28 01:06:30 [DiscoveryClient-HeartbeatExecutor-%d] DEBUG o.s.web.client.RestTemplate - Response 200 OK
2026-03-28 01:06:30 [DiscoveryClient-CacheRefreshExecutor-%d] DEBUG o.s.web.client.RestTemplate - Response 200 OK
2026-03-28 01:06:30 [DiscoveryClient-CacheRefreshExecutor-%d] DEBUG o.s.web.client.RestTemplate - Reading to [org.springframework.cloud.netflix.eureka.http.EurekaApplications]
2026-03-28 01:07:00 [DiscoveryClient-HeartbeatExecutor-%d] DEBUG o.s.web.client.RestTemplate - HTTP PUT http://localhost:8761/eureka/apps/AUTH-SERVICE/DESKTOP-I56EJUR:auth-service:8086?status=UP&lastDirtyTimestamp=1774624619938
2026-03-28 01:07:00 [DiscoveryClient-HeartbeatExecutor-%d] DEBUG o.s.web.client.RestTemplate - Accept=[application/json, application/*+json]
2026-03-28 01:07:00 [DiscoveryClient-CacheRefreshExecutor-%d] DEBUG o.s.web.client.RestTemplate - HTTP GET http://localhost:8761/eureka/apps/delta
2026-03-28 01:07:00 [DiscoveryClient-CacheRefreshExecutor-%d] DEBUG o.s.web.client.RestTemplate - Accept=[application/json, application/*+json]
2026-03-28 01:07:00 [DiscoveryClient-HeartbeatExecutor-%d] DEBUG o.s.web.client.RestTemplate - Response 200 OK
2026-03-28 01:07:00 [DiscoveryClient-CacheRefreshExecutor-%d] DEBUG o.s.web.client.RestTemplate - Response 200 OK
2026-03-28 01:07:00 [DiscoveryClient-CacheRefreshExecutor-%d] DEBUG o.s.web.client.RestTemplate - Reading to [org.springframework.cloud.netflix.eureka.http.EurekaApplications]
2026-03-28 01:07:30 [DiscoveryClient-HeartbeatExecutor-%d] DEBUG o.s.web.client.RestTemplate - HTTP PUT http://localhost:8761/eureka/apps/AUTH-SERVICE/DESKTOP-I56EJUR:auth-service:8086?status=UP&lastDirtyTimestamp=1774624619938
2026-03-28 01:07:30 [DiscoveryClient-HeartbeatExecutor-%d] DEBUG o.s.web.client.RestTemplate - Accept=[application/json, application/*+json]
2026-03-28 01:07:30 [DiscoveryClient-CacheRefreshExecutor-%d] DEBUG o.s.web.client.RestTemplate - HTTP GET http://localhost:8761/eureka/apps/delta
2026-03-28 01:07:30 [DiscoveryClient-CacheRefreshExecutor-%d] DEBUG o.s.web.client.RestTemplate - Accept=[application/json, application/*+json]
2026-03-28 01:07:30 [DiscoveryClient-HeartbeatExecutor-%d] DEBUG o.s.web.client.RestTemplate - Response 200 OK
2026-03-28 01:07:30 [DiscoveryClient-CacheRefreshExecutor-%d] DEBUG o.s.web.client.RestTemplate - Response 200 OK
2026-03-28 01:07:30 [DiscoveryClient-CacheRefreshExecutor-%d] DEBUG o.s.web.client.RestTemplate - Reading to [org.springframework.cloud.netflix.eureka.http.EurekaApplications]
2026-03-28 01:08:00 [DiscoveryClient-HeartbeatExecutor-%d] DEBUG o.s.web.client.RestTemplate - HTTP PUT http://localhost:8761/eureka/apps/AUTH-SERVICE/DESKTOP-I56EJUR:auth-service:8086?status=UP&lastDirtyTimestamp=1774624619938
2026-03-28 01:08:00 [DiscoveryClient-HeartbeatExecutor-%d] DEBUG o.s.web.client.RestTemplate - Accept=[application/json, application/*+json]
2026-03-28 01:08:00 [DiscoveryClient-CacheRefreshExecutor-%d] DEBUG o.s.web.client.RestTemplate - HTTP GET http://localhost:8761/eureka/apps/delta
2026-03-28 01:08:00 [DiscoveryClient-CacheRefreshExecutor-%d] DEBUG o.s.web.client.RestTemplate - Accept=[application/json, application/*+json]
2026-03-28 01:08:00 [DiscoveryClient-HeartbeatExecutor-%d] DEBUG o.s.web.client.RestTemplate - Response 200 OK
2026-03-28 01:08:00 [DiscoveryClient-CacheRefreshExecutor-%d] DEBUG o.s.web.client.RestTemplate - Response 200 OK
2026-03-28 01:08:00 [DiscoveryClient-CacheRefreshExecutor-%d] DEBUG o.s.web.client.RestTemplate - Reading to [org.springframework.cloud.netflix.eureka.http.EurekaApplications]
2026-03-28 01:08:30 [DiscoveryClient-HeartbeatExecutor-%d] DEBUG o.s.web.client.RestTemplate - HTTP PUT http://localhost:8761/eureka/apps/AUTH-SERVICE/DESKTOP-I56EJUR:auth-service:8086?status=UP&lastDirtyTimestamp=1774624619938
2026-03-28 01:08:30 [DiscoveryClient-HeartbeatExecutor-%d] DEBUG o.s.web.client.RestTemplate - Accept=[application/json, application/*+json]
2026-03-28 01:08:30 [DiscoveryClient-CacheRefreshExecutor-%d] DEBUG o.s.web.client.RestTemplate - HTTP GET http://localhost:8761/eureka/apps/delta
2026-03-28 01:08:30 [DiscoveryClient-CacheRefreshExecutor-%d] DEBUG o.s.web.client.RestTemplate - Accept=[application/json, application/*+json]
2026-03-28 01:08:30 [DiscoveryClient-HeartbeatExecutor-%d] DEBUG o.s.web.client.RestTemplate - Response 200 OK
2026-03-28 01:08:30 [DiscoveryClient-CacheRefreshExecutor-%d] DEBUG o.s.web.client.RestTemplate - Response 200 OK
2026-03-28 01:08:30 [DiscoveryClient-CacheRefreshExecutor-%d] DEBUG o.s.web.client.RestTemplate - Reading to [org.springframework.cloud.netflix.eureka.http.EurekaApplications]
2026-03-28 01:09:00 [DiscoveryClient-HeartbeatExecutor-%d] DEBUG o.s.web.client.RestTemplate - HTTP PUT http://localhost:8761/eureka/apps/AUTH-SERVICE/DESKTOP-I56EJUR:auth-service:8086?status=UP&lastDirtyTimestamp=1774624619938
2026-03-28 01:09:00 [DiscoveryClient-HeartbeatExecutor-%d] DEBUG o.s.web.client.RestTemplate - Accept=[application/json, application/*+json]
2026-03-28 01:09:00 [DiscoveryClient-CacheRefreshExecutor-%d] DEBUG o.s.web.client.RestTemplate - HTTP GET http://localhost:8761/eureka/apps/delta
2026-03-28 01:09:00 [DiscoveryClient-CacheRefreshExecutor-%d] DEBUG o.s.web.client.RestTemplate - Accept=[application/json, application/*+json]
2026-03-28 01:09:00 [DiscoveryClient-HeartbeatExecutor-%d] DEBUG o.s.web.client.RestTemplate - Response 200 OK
2026-03-28 01:09:00 [DiscoveryClient-CacheRefreshExecutor-%d] DEBUG o.s.web.client.RestTemplate - Response 200 OK
2026-03-28 01:09:00 [DiscoveryClient-CacheRefreshExecutor-%d] DEBUG o.s.web.client.RestTemplate - Reading to [org.springframework.cloud.netflix.eureka.http.EurekaApplications]
2026-03-28 01:09:23 [AsyncResolver-bootstrap-executor-%d] INFO  c.n.d.s.r.aws.ConfigClusterResolver - Resolving eureka endpoints via configuration
2026-03-28 01:09:30 [DiscoveryClient-HeartbeatExecutor-%d] DEBUG o.s.web.client.RestTemplate - HTTP PUT http://localhost:8761/eureka/apps/AUTH-SERVICE/DESKTOP-I56EJUR:auth-service:8086?status=UP&lastDirtyTimestamp=1774624619938
2026-03-28 01:09:30 [DiscoveryClient-HeartbeatExecutor-%d] DEBUG o.s.web.client.RestTemplate - Accept=[application/json, application/*+json]
2026-03-28 01:09:30 [DiscoveryClient-CacheRefreshExecutor-%d] DEBUG o.s.web.client.RestTemplate - HTTP GET http://localhost:8761/eureka/apps/delta
2026-03-28 01:09:30 [DiscoveryClient-CacheRefreshExecutor-%d] DEBUG o.s.web.client.RestTemplate - Accept=[application/json, application/*+json]
2026-03-28 01:09:30 [DiscoveryClient-HeartbeatExecutor-%d] DEBUG o.s.web.client.RestTemplate - Response 200 OK
2026-03-28 01:09:30 [DiscoveryClient-CacheRefreshExecutor-%d] DEBUG o.s.web.client.RestTemplate - Response 200 OK
2026-03-28 01:09:30 [DiscoveryClient-CacheRefreshExecutor-%d] DEBUG o.s.web.client.RestTemplate - Reading to [org.springframework.cloud.netflix.eureka.http.EurekaApplications]
2026-03-28 01:10:00 [DiscoveryClient-HeartbeatExecutor-%d] DEBUG o.s.web.client.RestTemplate - HTTP PUT http://localhost:8761/eureka/apps/AUTH-SERVICE/DESKTOP-I56EJUR:auth-service:8086?status=UP&lastDirtyTimestamp=1774624619938
2026-03-28 01:10:00 [DiscoveryClient-HeartbeatExecutor-%d] DEBUG o.s.web.client.RestTemplate - Accept=[application/json, application/*+json]
2026-03-28 01:10:00 [DiscoveryClient-CacheRefreshExecutor-%d] DEBUG o.s.web.client.RestTemplate - HTTP GET http://localhost:8761/eureka/apps/delta
2026-03-28 01:10:00 [DiscoveryClient-CacheRefreshExecutor-%d] DEBUG o.s.web.client.RestTemplate - Accept=[application/json, application/*+json]
2026-03-28 01:10:00 [DiscoveryClient-HeartbeatExecutor-%d] DEBUG o.s.web.client.RestTemplate - Response 200 OK
2026-03-28 01:10:00 [DiscoveryClient-CacheRefreshExecutor-%d] DEBUG o.s.web.client.RestTemplate - Response 200 OK
2026-03-28 01:10:00 [DiscoveryClient-CacheRefreshExecutor-%d] DEBUG o.s.web.client.RestTemplate - Reading to [org.springframework.cloud.netflix.eureka.http.EurekaApplications]
2026-03-28 01:10:30 [DiscoveryClient-HeartbeatExecutor-%d] DEBUG o.s.web.client.RestTemplate - HTTP PUT http://localhost:8761/eureka/apps/AUTH-SERVICE/DESKTOP-I56EJUR:auth-service:8086?status=UP&lastDirtyTimestamp=1774624619938
2026-03-28 01:10:30 [DiscoveryClient-HeartbeatExecutor-%d] DEBUG o.s.web.client.RestTemplate - Accept=[application/json, application/*+json]
2026-03-28 01:10:30 [DiscoveryClient-CacheRefreshExecutor-%d] DEBUG o.s.web.client.RestTemplate - HTTP GET http://localhost:8761/eureka/apps/delta
2026-03-28 01:10:30 [DiscoveryClient-CacheRefreshExecutor-%d] DEBUG o.s.web.client.RestTemplate - Accept=[application/json, application/*+json]
2026-03-28 01:10:30 [DiscoveryClient-HeartbeatExecutor-%d] DEBUG o.s.web.client.RestTemplate - Response 200 OK
2026-03-28 01:10:30 [DiscoveryClient-CacheRefreshExecutor-%d] DEBUG o.s.web.client.RestTemplate - Response 200 OK
2026-03-28 01:10:30 [DiscoveryClient-CacheRefreshExecutor-%d] DEBUG o.s.web.client.RestTemplate - Reading to [org.springframework.cloud.netflix.eureka.http.EurekaApplications]
2026-03-28 01:11:00 [DiscoveryClient-HeartbeatExecutor-%d] DEBUG o.s.web.client.RestTemplate - HTTP PUT http://localhost:8761/eureka/apps/AUTH-SERVICE/DESKTOP-I56EJUR:auth-service:8086?status=UP&lastDirtyTimestamp=1774624619938
2026-03-28 01:11:00 [DiscoveryClient-HeartbeatExecutor-%d] DEBUG o.s.web.client.RestTemplate - Accept=[application/json, application/*+json]
2026-03-28 01:11:00 [DiscoveryClient-CacheRefreshExecutor-%d] DEBUG o.s.web.client.RestTemplate - HTTP GET http://localhost:8761/eureka/apps/delta
2026-03-28 01:11:00 [DiscoveryClient-CacheRefreshExecutor-%d] DEBUG o.s.web.client.RestTemplate - Accept=[application/json, application/*+json]
2026-03-28 01:11:00 [DiscoveryClient-HeartbeatExecutor-%d] DEBUG o.s.web.client.RestTemplate - Response 200 OK
2026-03-28 01:11:00 [DiscoveryClient-CacheRefreshExecutor-%d] DEBUG o.s.web.client.RestTemplate - Response 200 OK
2026-03-28 01:11:00 [DiscoveryClient-CacheRefreshExecutor-%d] DEBUG o.s.web.client.RestTemplate - Reading to [org.springframework.cloud.netflix.eureka.http.EurekaApplications]
2026-03-28 01:11:30 [DiscoveryClient-HeartbeatExecutor-%d] DEBUG o.s.web.client.RestTemplate - HTTP PUT http://localhost:8761/eureka/apps/AUTH-SERVICE/DESKTOP-I56EJUR:auth-service:8086?status=UP&lastDirtyTimestamp=1774624619938
2026-03-28 01:11:30 [DiscoveryClient-HeartbeatExecutor-%d] DEBUG o.s.web.client.RestTemplate - Accept=[application/json, application/*+json]
2026-03-28 01:11:30 [DiscoveryClient-CacheRefreshExecutor-%d] DEBUG o.s.web.client.RestTemplate - HTTP GET http://localhost:8761/eureka/apps/delta
2026-03-28 01:11:30 [DiscoveryClient-CacheRefreshExecutor-%d] DEBUG o.s.web.client.RestTemplate - Accept=[application/json, application/*+json]
2026-03-28 01:11:30 [DiscoveryClient-HeartbeatExecutor-%d] DEBUG o.s.web.client.RestTemplate - Response 200 OK
2026-03-28 01:11:30 [DiscoveryClient-CacheRefreshExecutor-%d] DEBUG o.s.web.client.RestTemplate - Response 200 OK
2026-03-28 01:11:30 [DiscoveryClient-CacheRefreshExecutor-%d] DEBUG o.s.web.client.RestTemplate - Reading to [org.springframework.cloud.netflix.eureka.http.EurekaApplications]
2026-03-28 01:12:00 [DiscoveryClient-HeartbeatExecutor-%d] DEBUG o.s.web.client.RestTemplate - HTTP PUT http://localhost:8761/eureka/apps/AUTH-SERVICE/DESKTOP-I56EJUR:auth-service:8086?status=UP&lastDirtyTimestamp=1774624619938
2026-03-28 01:12:00 [DiscoveryClient-HeartbeatExecutor-%d] DEBUG o.s.web.client.RestTemplate - Accept=[application/json, application/*+json]
2026-03-28 01:12:00 [DiscoveryClient-HeartbeatExecutor-%d] DEBUG o.s.web.client.RestTemplate - Response 200 OK
2026-03-28 01:12:00 [DiscoveryClient-CacheRefreshExecutor-%d] DEBUG o.s.web.client.RestTemplate - HTTP GET http://localhost:8761/eureka/apps/delta
2026-03-28 01:12:00 [DiscoveryClient-CacheRefreshExecutor-%d] DEBUG o.s.web.client.RestTemplate - Accept=[application/json, application/*+json]
2026-03-28 01:12:00 [DiscoveryClient-CacheRefreshExecutor-%d] DEBUG o.s.web.client.RestTemplate - Response 200 OK
2026-03-28 01:12:00 [DiscoveryClient-CacheRefreshExecutor-%d] DEBUG o.s.web.client.RestTemplate - Reading to [org.springframework.cloud.netflix.eureka.http.EurekaApplications]
2026-03-28 01:12:30 [DiscoveryClient-HeartbeatExecutor-%d] DEBUG o.s.web.client.RestTemplate - HTTP PUT http://localhost:8761/eureka/apps/AUTH-SERVICE/DESKTOP-I56EJUR:auth-service:8086?status=UP&lastDirtyTimestamp=1774624619938
2026-03-28 01:12:30 [DiscoveryClient-HeartbeatExecutor-%d] DEBUG o.s.web.client.RestTemplate - Accept=[application/json, application/*+json]
2026-03-28 01:12:30 [DiscoveryClient-CacheRefreshExecutor-%d] DEBUG o.s.web.client.RestTemplate - HTTP GET http://localhost:8761/eureka/apps/delta
2026-03-28 01:12:30 [DiscoveryClient-CacheRefreshExecutor-%d] DEBUG o.s.web.client.RestTemplate - Accept=[application/json, application/*+json]
2026-03-28 01:12:30 [DiscoveryClient-HeartbeatExecutor-%d] DEBUG o.s.web.client.RestTemplate - Response 200 OK
2026-03-28 01:12:30 [DiscoveryClient-CacheRefreshExecutor-%d] DEBUG o.s.web.client.RestTemplate - Response 200 OK
2026-03-28 01:12:30 [DiscoveryClient-CacheRefreshExecutor-%d] DEBUG o.s.web.client.RestTemplate - Reading to [org.springframework.cloud.netflix.eureka.http.EurekaApplications]
2026-03-28 01:13:00 [DiscoveryClient-CacheRefreshExecutor-%d] DEBUG o.s.web.client.RestTemplate - HTTP GET http://localhost:8761/eureka/apps/delta
2026-03-28 01:13:00 [DiscoveryClient-HeartbeatExecutor-%d] DEBUG o.s.web.client.RestTemplate - HTTP PUT http://localhost:8761/eureka/apps/AUTH-SERVICE/DESKTOP-I56EJUR:auth-service:8086?status=UP&lastDirtyTimestamp=1774624619938
2026-03-28 01:13:00 [DiscoveryClient-CacheRefreshExecutor-%d] DEBUG o.s.web.client.RestTemplate - Accept=[application/json, application/*+json]
2026-03-28 01:13:00 [DiscoveryClient-HeartbeatExecutor-%d] DEBUG o.s.web.client.RestTemplate - Accept=[application/json, application/*+json]
2026-03-28 01:13:00 [DiscoveryClient-CacheRefreshExecutor-%d] DEBUG o.s.web.client.RestTemplate - Response 200 OK
2026-03-28 01:13:00 [DiscoveryClient-HeartbeatExecutor-%d] DEBUG o.s.web.client.RestTemplate - Response 200 OK
2026-03-28 01:13:00 [DiscoveryClient-CacheRefreshExecutor-%d] DEBUG o.s.web.client.RestTemplate - Reading to [org.springframework.cloud.netflix.eureka.http.EurekaApplications]
2026-03-28 01:13:30 [DiscoveryClient-HeartbeatExecutor-%d] DEBUG o.s.web.client.RestTemplate - HTTP PUT http://localhost:8761/eureka/apps/AUTH-SERVICE/DESKTOP-I56EJUR:auth-service:8086?status=UP&lastDirtyTimestamp=1774624619938
2026-03-28 01:13:30 [DiscoveryClient-CacheRefreshExecutor-%d] DEBUG o.s.web.client.RestTemplate - HTTP GET http://localhost:8761/eureka/apps/delta
2026-03-28 01:13:30 [DiscoveryClient-CacheRefreshExecutor-%d] DEBUG o.s.web.client.RestTemplate - Accept=[application/json, application/*+json]
2026-03-28 01:13:30 [DiscoveryClient-HeartbeatExecutor-%d] DEBUG o.s.web.client.RestTemplate - Accept=[application/json, application/*+json]
2026-03-28 01:13:30 [DiscoveryClient-CacheRefreshExecutor-%d] DEBUG o.s.web.client.RestTemplate - Response 200 OK
2026-03-28 01:13:30 [DiscoveryClient-HeartbeatExecutor-%d] DEBUG o.s.web.client.RestTemplate - Response 200 OK
2026-03-28 01:13:30 [DiscoveryClient-CacheRefreshExecutor-%d] DEBUG o.s.web.client.RestTemplate - Reading to [org.springframework.cloud.netflix.eureka.http.EurekaApplications]
2026-03-28 01:14:00 [DiscoveryClient-CacheRefreshExecutor-%d] DEBUG o.s.web.client.RestTemplate - HTTP GET http://localhost:8761/eureka/apps/delta
2026-03-28 01:14:00 [DiscoveryClient-HeartbeatExecutor-%d] DEBUG o.s.web.client.RestTemplate - HTTP PUT http://localhost:8761/eureka/apps/AUTH-SERVICE/DESKTOP-I56EJUR:auth-service:8086?status=UP&lastDirtyTimestamp=1774624619938
2026-03-28 01:14:00 [DiscoveryClient-HeartbeatExecutor-%d] DEBUG o.s.web.client.RestTemplate - Accept=[application/json, application/*+json]
2026-03-28 01:14:00 [DiscoveryClient-CacheRefreshExecutor-%d] DEBUG o.s.web.client.RestTemplate - Accept=[application/json, application/*+json]
2026-03-28 01:14:00 [DiscoveryClient-HeartbeatExecutor-%d] DEBUG o.s.web.client.RestTemplate - Response 200 OK
2026-03-28 01:14:00 [DiscoveryClient-CacheRefreshExecutor-%d] DEBUG o.s.web.client.RestTemplate - Response 200 OK
2026-03-28 01:14:00 [DiscoveryClient-CacheRefreshExecutor-%d] DEBUG o.s.web.client.RestTemplate - Reading to [org.springframework.cloud.netflix.eureka.http.EurekaApplications]
2026-03-28 01:14:23 [AsyncResolver-bootstrap-executor-%d] INFO  c.n.d.s.r.aws.ConfigClusterResolver - Resolving eureka endpoints via configuration
2026-03-28 01:14:30 [DiscoveryClient-HeartbeatExecutor-%d] DEBUG o.s.web.client.RestTemplate - HTTP PUT http://localhost:8761/eureka/apps/AUTH-SERVICE/DESKTOP-I56EJUR:auth-service:8086?status=UP&lastDirtyTimestamp=1774624619938
2026-03-28 01:14:30 [DiscoveryClient-HeartbeatExecutor-%d] DEBUG o.s.web.client.RestTemplate - Accept=[application/json, application/*+json]
2026-03-28 01:14:30 [DiscoveryClient-CacheRefreshExecutor-%d] DEBUG o.s.web.client.RestTemplate - HTTP GET http://localhost:8761/eureka/apps/delta
2026-03-28 01:14:30 [DiscoveryClient-CacheRefreshExecutor-%d] DEBUG o.s.web.client.RestTemplate - Accept=[application/json, application/*+json]
2026-03-28 01:14:30 [DiscoveryClient-HeartbeatExecutor-%d] DEBUG o.s.web.client.RestTemplate - Response 200 OK
2026-03-28 01:14:30 [DiscoveryClient-CacheRefreshExecutor-%d] DEBUG o.s.web.client.RestTemplate - Response 200 OK
2026-03-28 01:14:30 [DiscoveryClient-CacheRefreshExecutor-%d] DEBUG o.s.web.client.RestTemplate - Reading to [org.springframework.cloud.netflix.eureka.http.EurekaApplications]
2026-03-28 01:15:00 [DiscoveryClient-HeartbeatExecutor-%d] DEBUG o.s.web.client.RestTemplate - HTTP PUT http://localhost:8761/eureka/apps/AUTH-SERVICE/DESKTOP-I56EJUR:auth-service:8086?status=UP&lastDirtyTimestamp=1774624619938
2026-03-28 01:15:00 [DiscoveryClient-CacheRefreshExecutor-%d] DEBUG o.s.web.client.RestTemplate - HTTP GET http://localhost:8761/eureka/apps/delta
2026-03-28 01:15:00 [DiscoveryClient-CacheRefreshExecutor-%d] DEBUG o.s.web.client.RestTemplate - Accept=[application/json, application/*+json]
2026-03-28 01:15:00 [DiscoveryClient-HeartbeatExecutor-%d] DEBUG o.s.web.client.RestTemplate - Accept=[application/json, application/*+json]
2026-03-28 01:15:00 [DiscoveryClient-HeartbeatExecutor-%d] DEBUG o.s.web.client.RestTemplate - Response 200 OK
2026-03-28 01:15:00 [DiscoveryClient-CacheRefreshExecutor-%d] DEBUG o.s.web.client.RestTemplate - Response 200 OK
2026-03-28 01:15:00 [DiscoveryClient-CacheRefreshExecutor-%d] DEBUG o.s.web.client.RestTemplate - Reading to [org.springframework.cloud.netflix.eureka.http.EurekaApplications]
2026-03-28 01:15:30 [DiscoveryClient-CacheRefreshExecutor-%d] DEBUG o.s.web.client.RestTemplate - HTTP GET http://localhost:8761/eureka/apps/delta
2026-03-28 01:15:30 [DiscoveryClient-CacheRefreshExecutor-%d] DEBUG o.s.web.client.RestTemplate - Accept=[application/json, application/*+json]
2026-03-28 01:15:30 [DiscoveryClient-HeartbeatExecutor-%d] DEBUG o.s.web.client.RestTemplate - HTTP PUT http://localhost:8761/eureka/apps/AUTH-SERVICE/DESKTOP-I56EJUR:auth-service:8086?status=UP&lastDirtyTimestamp=1774624619938
2026-03-28 01:15:30 [DiscoveryClient-HeartbeatExecutor-%d] DEBUG o.s.web.client.RestTemplate - Accept=[application/json, application/*+json]
2026-03-28 01:15:30 [DiscoveryClient-HeartbeatExecutor-%d] DEBUG o.s.web.client.RestTemplate - Response 200 OK
2026-03-28 01:15:30 [DiscoveryClient-CacheRefreshExecutor-%d] DEBUG o.s.web.client.RestTemplate - Response 200 OK
2026-03-28 01:15:30 [DiscoveryClient-CacheRefreshExecutor-%d] DEBUG o.s.web.client.RestTemplate - Reading to [org.springframework.cloud.netflix.eureka.http.EurekaApplications]
2026-03-28 01:16:00 [DiscoveryClient-HeartbeatExecutor-%d] DEBUG o.s.web.client.RestTemplate - HTTP PUT http://localhost:8761/eureka/apps/AUTH-SERVICE/DESKTOP-I56EJUR:auth-service:8086?status=UP&lastDirtyTimestamp=1774624619938
2026-03-28 01:16:00 [DiscoveryClient-CacheRefreshExecutor-%d] DEBUG o.s.web.client.RestTemplate - HTTP GET http://localhost:8761/eureka/apps/delta
2026-03-28 01:16:00 [DiscoveryClient-HeartbeatExecutor-%d] DEBUG o.s.web.client.RestTemplate - Accept=[application/json, application/*+json]
2026-03-28 01:16:00 [DiscoveryClient-CacheRefreshExecutor-%d] DEBUG o.s.web.client.RestTemplate - Accept=[application/json, application/*+json]
2026-03-28 01:16:00 [DiscoveryClient-HeartbeatExecutor-%d] DEBUG o.s.web.client.RestTemplate - Response 200 OK
2026-03-28 01:16:00 [DiscoveryClient-CacheRefreshExecutor-%d] DEBUG o.s.web.client.RestTemplate - Response 200 OK
2026-03-28 01:16:00 [DiscoveryClient-CacheRefreshExecutor-%d] DEBUG o.s.web.client.RestTemplate - Reading to [org.springframework.cloud.netflix.eureka.http.EurekaApplications]
2026-03-28 01:16:30 [DiscoveryClient-CacheRefreshExecutor-%d] DEBUG o.s.web.client.RestTemplate - HTTP GET http://localhost:8761/eureka/apps/delta
2026-03-28 01:16:30 [DiscoveryClient-CacheRefreshExecutor-%d] DEBUG o.s.web.client.RestTemplate - Accept=[application/json, application/*+json]
2026-03-28 01:16:30 [DiscoveryClient-HeartbeatExecutor-%d] DEBUG o.s.web.client.RestTemplate - HTTP PUT http://localhost:8761/eureka/apps/AUTH-SERVICE/DESKTOP-I56EJUR:auth-service:8086?status=UP&lastDirtyTimestamp=1774624619938
2026-03-28 01:16:30 [DiscoveryClient-HeartbeatExecutor-%d] DEBUG o.s.web.client.RestTemplate - Accept=[application/json, application/*+json]
2026-03-28 01:16:31 [DiscoveryClient-HeartbeatExecutor-%d] DEBUG o.s.web.client.RestTemplate - Response 200 OK
2026-03-28 01:16:31 [DiscoveryClient-CacheRefreshExecutor-%d] DEBUG o.s.web.client.RestTemplate - Response 200 OK
2026-03-28 01:16:31 [DiscoveryClient-CacheRefreshExecutor-%d] DEBUG o.s.web.client.RestTemplate - Reading to [org.springframework.cloud.netflix.eureka.http.EurekaApplications]
2026-03-28 01:17:01 [DiscoveryClient-HeartbeatExecutor-%d] DEBUG o.s.web.client.RestTemplate - HTTP PUT http://localhost:8761/eureka/apps/AUTH-SERVICE/DESKTOP-I56EJUR:auth-service:8086?status=UP&lastDirtyTimestamp=1774624619938
2026-03-28 01:17:01 [DiscoveryClient-HeartbeatExecutor-%d] DEBUG o.s.web.client.RestTemplate - Accept=[application/json, application/*+json]
2026-03-28 01:17:01 [DiscoveryClient-CacheRefreshExecutor-%d] DEBUG o.s.web.client.RestTemplate - HTTP GET http://localhost:8761/eureka/apps/delta
2026-03-28 01:17:01 [DiscoveryClient-CacheRefreshExecutor-%d] DEBUG o.s.web.client.RestTemplate - Accept=[application/json, application/*+json]
2026-03-28 01:17:01 [DiscoveryClient-HeartbeatExecutor-%d] DEBUG o.s.web.client.RestTemplate - Response 200 OK
2026-03-28 01:17:01 [DiscoveryClient-CacheRefreshExecutor-%d] DEBUG o.s.web.client.RestTemplate - Response 200 OK
2026-03-28 01:17:01 [DiscoveryClient-CacheRefreshExecutor-%d] DEBUG o.s.web.client.RestTemplate - Reading to [org.springframework.cloud.netflix.eureka.http.EurekaApplications]
2026-03-28 01:17:31 [DiscoveryClient-CacheRefreshExecutor-%d] DEBUG o.s.web.client.RestTemplate - HTTP GET http://localhost:8761/eureka/apps/delta
2026-03-28 01:17:31 [DiscoveryClient-HeartbeatExecutor-%d] DEBUG o.s.web.client.RestTemplate - HTTP PUT http://localhost:8761/eureka/apps/AUTH-SERVICE/DESKTOP-I56EJUR:auth-service:8086?status=UP&lastDirtyTimestamp=1774624619938
2026-03-28 01:17:31 [DiscoveryClient-HeartbeatExecutor-%d] DEBUG o.s.web.client.RestTemplate - Accept=[application/json, application/*+json]
2026-03-28 01:17:31 [DiscoveryClient-CacheRefreshExecutor-%d] DEBUG o.s.web.client.RestTemplate - Accept=[application/json, application/*+json]
2026-03-28 01:17:31 [DiscoveryClient-CacheRefreshExecutor-%d] DEBUG o.s.web.client.RestTemplate - Response 200 OK
2026-03-28 01:17:31 [DiscoveryClient-HeartbeatExecutor-%d] DEBUG o.s.web.client.RestTemplate - Response 200 OK
2026-03-28 01:17:31 [DiscoveryClient-CacheRefreshExecutor-%d] DEBUG o.s.web.client.RestTemplate - Reading to [org.springframework.cloud.netflix.eureka.http.EurekaApplications]
2026-03-28 01:18:01 [DiscoveryClient-HeartbeatExecutor-%d] DEBUG o.s.web.client.RestTemplate - HTTP PUT http://localhost:8761/eureka/apps/AUTH-SERVICE/DESKTOP-I56EJUR:auth-service:8086?status=UP&lastDirtyTimestamp=1774624619938
2026-03-28 01:18:01 [DiscoveryClient-HeartbeatExecutor-%d] DEBUG o.s.web.client.RestTemplate - Accept=[application/json, application/*+json]
2026-03-28 01:18:01 [DiscoveryClient-CacheRefreshExecutor-%d] DEBUG o.s.web.client.RestTemplate - HTTP GET http://localhost:8761/eureka/apps/delta
2026-03-28 01:18:01 [DiscoveryClient-CacheRefreshExecutor-%d] DEBUG o.s.web.client.RestTemplate - Accept=[application/json, application/*+json]
2026-03-28 01:18:01 [DiscoveryClient-HeartbeatExecutor-%d] DEBUG o.s.web.client.RestTemplate - Response 200 OK
2026-03-28 01:18:01 [DiscoveryClient-CacheRefreshExecutor-%d] DEBUG o.s.web.client.RestTemplate - Response 200 OK
2026-03-28 01:18:01 [DiscoveryClient-CacheRefreshExecutor-%d] DEBUG o.s.web.client.RestTemplate - Reading to [org.springframework.cloud.netflix.eureka.http.EurekaApplications]
2026-03-28 01:18:31 [DiscoveryClient-HeartbeatExecutor-%d] DEBUG o.s.web.client.RestTemplate - HTTP PUT http://localhost:8761/eureka/apps/AUTH-SERVICE/DESKTOP-I56EJUR:auth-service:8086?status=UP&lastDirtyTimestamp=1774624619938
2026-03-28 01:18:31 [DiscoveryClient-HeartbeatExecutor-%d] DEBUG o.s.web.client.RestTemplate - Accept=[application/json, application/*+json]
2026-03-28 01:18:31 [DiscoveryClient-CacheRefreshExecutor-%d] DEBUG o.s.web.client.RestTemplate - HTTP GET http://localhost:8761/eureka/apps/delta
2026-03-28 01:18:31 [DiscoveryClient-CacheRefreshExecutor-%d] DEBUG o.s.web.client.RestTemplate - Accept=[application/json, application/*+json]
2026-03-28 01:18:31 [DiscoveryClient-HeartbeatExecutor-%d] DEBUG o.s.web.client.RestTemplate - Response 200 OK
2026-03-28 01:18:31 [DiscoveryClient-CacheRefreshExecutor-%d] DEBUG o.s.web.client.RestTemplate - Response 200 OK
2026-03-28 01:18:31 [DiscoveryClient-CacheRefreshExecutor-%d] DEBUG o.s.web.client.RestTemplate - Reading to [org.springframework.cloud.netflix.eureka.http.EurekaApplications]
2026-03-28 01:19:01 [DiscoveryClient-HeartbeatExecutor-%d] DEBUG o.s.web.client.RestTemplate - HTTP PUT http://localhost:8761/eureka/apps/AUTH-SERVICE/DESKTOP-I56EJUR:auth-service:8086?status=UP&lastDirtyTimestamp=1774624619938
2026-03-28 01:19:01 [DiscoveryClient-HeartbeatExecutor-%d] DEBUG o.s.web.client.RestTemplate - Accept=[application/json, application/*+json]
2026-03-28 01:19:01 [DiscoveryClient-CacheRefreshExecutor-%d] DEBUG o.s.web.client.RestTemplate - HTTP GET http://localhost:8761/eureka/apps/delta
2026-03-28 01:19:01 [DiscoveryClient-CacheRefreshExecutor-%d] DEBUG o.s.web.client.RestTemplate - Accept=[application/json, application/*+json]
2026-03-28 01:19:01 [DiscoveryClient-HeartbeatExecutor-%d] DEBUG o.s.web.client.RestTemplate - Response 200 OK
2026-03-28 01:19:01 [DiscoveryClient-CacheRefreshExecutor-%d] DEBUG o.s.web.client.RestTemplate - Response 200 OK
2026-03-28 01:19:01 [DiscoveryClient-CacheRefreshExecutor-%d] DEBUG o.s.web.client.RestTemplate - Reading to [org.springframework.cloud.netflix.eureka.http.EurekaApplications]
2026-03-28 01:19:23 [AsyncResolver-bootstrap-executor-%d] INFO  c.n.d.s.r.aws.ConfigClusterResolver - Resolving eureka endpoints via configuration
2026-03-28 01:19:31 [DiscoveryClient-HeartbeatExecutor-%d] DEBUG o.s.web.client.RestTemplate - HTTP PUT http://localhost:8761/eureka/apps/AUTH-SERVICE/DESKTOP-I56EJUR:auth-service:8086?status=UP&lastDirtyTimestamp=1774624619938
2026-03-28 01:19:31 [DiscoveryClient-HeartbeatExecutor-%d] DEBUG o.s.web.client.RestTemplate - Accept=[application/json, application/*+json]
2026-03-28 01:19:31 [DiscoveryClient-CacheRefreshExecutor-%d] DEBUG o.s.web.client.RestTemplate - HTTP GET http://localhost:8761/eureka/apps/delta
2026-03-28 01:19:31 [DiscoveryClient-CacheRefreshExecutor-%d] DEBUG o.s.web.client.RestTemplate - Accept=[application/json, application/*+json]
2026-03-28 01:19:31 [DiscoveryClient-HeartbeatExecutor-%d] DEBUG o.s.web.client.RestTemplate - Response 200 OK
2026-03-28 01:19:31 [DiscoveryClient-CacheRefreshExecutor-%d] DEBUG o.s.web.client.RestTemplate - Response 200 OK
2026-03-28 01:19:31 [DiscoveryClient-CacheRefreshExecutor-%d] DEBUG o.s.web.client.RestTemplate - Reading to [org.springframework.cloud.netflix.eureka.http.EurekaApplications]
2026-03-28 01:20:01 [DiscoveryClient-HeartbeatExecutor-%d] DEBUG o.s.web.client.RestTemplate - HTTP PUT http://localhost:8761/eureka/apps/AUTH-SERVICE/DESKTOP-I56EJUR:auth-service:8086?status=UP&lastDirtyTimestamp=1774624619938
2026-03-28 01:20:01 [DiscoveryClient-HeartbeatExecutor-%d] DEBUG o.s.web.client.RestTemplate - Accept=[application/json, application/*+json]
2026-03-28 01:20:01 [DiscoveryClient-CacheRefreshExecutor-%d] DEBUG o.s.web.client.RestTemplate - HTTP GET http://localhost:8761/eureka/apps/delta
2026-03-28 01:20:01 [DiscoveryClient-CacheRefreshExecutor-%d] DEBUG o.s.web.client.RestTemplate - Accept=[application/json, application/*+json]
2026-03-28 01:20:01 [DiscoveryClient-HeartbeatExecutor-%d] DEBUG o.s.web.client.RestTemplate - Response 200 OK
2026-03-28 01:20:01 [DiscoveryClient-CacheRefreshExecutor-%d] DEBUG o.s.web.client.RestTemplate - Response 200 OK
2026-03-28 01:20:01 [DiscoveryClient-CacheRefreshExecutor-%d] DEBUG o.s.web.client.RestTemplate - Reading to [org.springframework.cloud.netflix.eureka.http.EurekaApplications]
2026-03-28 01:20:31 [DiscoveryClient-HeartbeatExecutor-%d] DEBUG o.s.web.client.RestTemplate - HTTP PUT http://localhost:8761/eureka/apps/AUTH-SERVICE/DESKTOP-I56EJUR:auth-service:8086?status=UP&lastDirtyTimestamp=1774624619938
2026-03-28 01:20:31 [DiscoveryClient-HeartbeatExecutor-%d] DEBUG o.s.web.client.RestTemplate - Accept=[application/json, application/*+json]
2026-03-28 01:20:31 [DiscoveryClient-CacheRefreshExecutor-%d] DEBUG o.s.web.client.RestTemplate - HTTP GET http://localhost:8761/eureka/apps/delta
2026-03-28 01:20:31 [DiscoveryClient-CacheRefreshExecutor-%d] DEBUG o.s.web.client.RestTemplate - Accept=[application/json, application/*+json]
2026-03-28 01:20:31 [DiscoveryClient-HeartbeatExecutor-%d] DEBUG o.s.web.client.RestTemplate - Response 200 OK
2026-03-28 01:20:31 [DiscoveryClient-CacheRefreshExecutor-%d] DEBUG o.s.web.client.RestTemplate - Response 200 OK
2026-03-28 01:20:31 [DiscoveryClient-CacheRefreshExecutor-%d] DEBUG o.s.web.client.RestTemplate - Reading to [org.springframework.cloud.netflix.eureka.http.EurekaApplications]
2026-03-28 01:21:01 [DiscoveryClient-HeartbeatExecutor-%d] DEBUG o.s.web.client.RestTemplate - HTTP PUT http://localhost:8761/eureka/apps/AUTH-SERVICE/DESKTOP-I56EJUR:auth-service:8086?status=UP&lastDirtyTimestamp=1774624619938
2026-03-28 01:21:01 [DiscoveryClient-HeartbeatExecutor-%d] DEBUG o.s.web.client.RestTemplate - Accept=[application/json, application/*+json]
2026-03-28 01:21:01 [DiscoveryClient-HeartbeatExecutor-%d] DEBUG o.s.web.client.RestTemplate - Response 200 OK
2026-03-28 01:21:01 [DiscoveryClient-CacheRefreshExecutor-%d] DEBUG o.s.web.client.RestTemplate - HTTP GET http://localhost:8761/eureka/apps/delta
2026-03-28 01:21:01 [DiscoveryClient-CacheRefreshExecutor-%d] DEBUG o.s.web.client.RestTemplate - Accept=[application/json, application/*+json]
2026-03-28 01:21:01 [DiscoveryClient-CacheRefreshExecutor-%d] DEBUG o.s.web.client.RestTemplate - Response 200 OK
2026-03-28 01:21:01 [DiscoveryClient-CacheRefreshExecutor-%d] DEBUG o.s.web.client.RestTemplate - Reading to [org.springframework.cloud.netflix.eureka.http.EurekaApplications]
2026-03-28 01:21:31 [DiscoveryClient-HeartbeatExecutor-%d] DEBUG o.s.web.client.RestTemplate - HTTP PUT http://localhost:8761/eureka/apps/AUTH-SERVICE/DESKTOP-I56EJUR:auth-service:8086?status=UP&lastDirtyTimestamp=1774624619938
2026-03-28 01:21:31 [DiscoveryClient-HeartbeatExecutor-%d] DEBUG o.s.web.client.RestTemplate - Accept=[application/json, application/*+json]
2026-03-28 01:21:31 [DiscoveryClient-CacheRefreshExecutor-%d] DEBUG o.s.web.client.RestTemplate - HTTP GET http://localhost:8761/eureka/apps/delta
2026-03-28 01:21:31 [DiscoveryClient-CacheRefreshExecutor-%d] DEBUG o.s.web.client.RestTemplate - Accept=[application/json, application/*+json]
2026-03-28 01:21:31 [DiscoveryClient-HeartbeatExecutor-%d] DEBUG o.s.web.client.RestTemplate - Response 200 OK
2026-03-28 01:21:31 [DiscoveryClient-CacheRefreshExecutor-%d] DEBUG o.s.web.client.RestTemplate - Response 200 OK
2026-03-28 01:21:31 [DiscoveryClient-CacheRefreshExecutor-%d] DEBUG o.s.web.client.RestTemplate - Reading to [org.springframework.cloud.netflix.eureka.http.EurekaApplications]
2026-03-28 01:22:01 [DiscoveryClient-HeartbeatExecutor-%d] DEBUG o.s.web.client.RestTemplate - HTTP PUT http://localhost:8761/eureka/apps/AUTH-SERVICE/DESKTOP-I56EJUR:auth-service:8086?status=UP&lastDirtyTimestamp=1774624619938
2026-03-28 01:22:01 [DiscoveryClient-HeartbeatExecutor-%d] DEBUG o.s.web.client.RestTemplate - Accept=[application/json, application/*+json]
2026-03-28 01:22:01 [DiscoveryClient-CacheRefreshExecutor-%d] DEBUG o.s.web.client.RestTemplate - HTTP GET http://localhost:8761/eureka/apps/delta
2026-03-28 01:22:01 [DiscoveryClient-CacheRefreshExecutor-%d] DEBUG o.s.web.client.RestTemplate - Accept=[application/json, application/*+json]
2026-03-28 01:22:01 [DiscoveryClient-HeartbeatExecutor-%d] DEBUG o.s.web.client.RestTemplate - Response 200 OK
2026-03-28 01:22:01 [DiscoveryClient-CacheRefreshExecutor-%d] DEBUG o.s.web.client.RestTemplate - Response 200 OK
2026-03-28 01:22:01 [DiscoveryClient-CacheRefreshExecutor-%d] DEBUG o.s.web.client.RestTemplate - Reading to [org.springframework.cloud.netflix.eureka.http.EurekaApplications]
2026-03-28 01:22:31 [DiscoveryClient-HeartbeatExecutor-%d] DEBUG o.s.web.client.RestTemplate - HTTP PUT http://localhost:8761/eureka/apps/AUTH-SERVICE/DESKTOP-I56EJUR:auth-service:8086?status=UP&lastDirtyTimestamp=1774624619938
2026-03-28 01:22:31 [DiscoveryClient-CacheRefreshExecutor-%d] DEBUG o.s.web.client.RestTemplate - HTTP GET http://localhost:8761/eureka/apps/delta
2026-03-28 01:22:31 [DiscoveryClient-CacheRefreshExecutor-%d] DEBUG o.s.web.client.RestTemplate - Accept=[application/json, application/*+json]
2026-03-28 01:22:31 [DiscoveryClient-HeartbeatExecutor-%d] DEBUG o.s.web.client.RestTemplate - Accept=[application/json, application/*+json]
2026-03-28 01:22:31 [DiscoveryClient-CacheRefreshExecutor-%d] DEBUG o.s.web.client.RestTemplate - Response 200 OK
2026-03-28 01:22:31 [DiscoveryClient-HeartbeatExecutor-%d] DEBUG o.s.web.client.RestTemplate - Response 200 OK
2026-03-28 01:22:31 [DiscoveryClient-CacheRefreshExecutor-%d] DEBUG o.s.web.client.RestTemplate - Reading to [org.springframework.cloud.netflix.eureka.http.EurekaApplications]
2026-03-28 01:23:01 [DiscoveryClient-CacheRefreshExecutor-%d] DEBUG o.s.web.client.RestTemplate - HTTP GET http://localhost:8761/eureka/apps/delta
2026-03-28 01:23:01 [DiscoveryClient-CacheRefreshExecutor-%d] DEBUG o.s.web.client.RestTemplate - Accept=[application/json, application/*+json]
2026-03-28 01:23:01 [DiscoveryClient-HeartbeatExecutor-%d] DEBUG o.s.web.client.RestTemplate - HTTP PUT http://localhost:8761/eureka/apps/AUTH-SERVICE/DESKTOP-I56EJUR:auth-service:8086?status=UP&lastDirtyTimestamp=1774624619938
2026-03-28 01:23:01 [DiscoveryClient-HeartbeatExecutor-%d] DEBUG o.s.web.client.RestTemplate - Accept=[application/json, application/*+json]
2026-03-28 01:23:01 [DiscoveryClient-CacheRefreshExecutor-%d] DEBUG o.s.web.client.RestTemplate - Response 200 OK
2026-03-28 01:23:01 [DiscoveryClient-CacheRefreshExecutor-%d] DEBUG o.s.web.client.RestTemplate - Reading to [org.springframework.cloud.netflix.eureka.http.EurekaApplications]
2026-03-28 01:23:01 [DiscoveryClient-HeartbeatExecutor-%d] DEBUG o.s.web.client.RestTemplate - Response 200 OK
2026-03-28 01:23:31 [DiscoveryClient-CacheRefreshExecutor-%d] DEBUG o.s.web.client.RestTemplate - HTTP GET http://localhost:8761/eureka/apps/delta
2026-03-28 01:23:31 [DiscoveryClient-HeartbeatExecutor-%d] DEBUG o.s.web.client.RestTemplate - HTTP PUT http://localhost:8761/eureka/apps/AUTH-SERVICE/DESKTOP-I56EJUR:auth-service:8086?status=UP&lastDirtyTimestamp=1774624619938
2026-03-28 01:23:31 [DiscoveryClient-HeartbeatExecutor-%d] DEBUG o.s.web.client.RestTemplate - Accept=[application/json, application/*+json]
2026-03-28 01:23:31 [DiscoveryClient-CacheRefreshExecutor-%d] DEBUG o.s.web.client.RestTemplate - Accept=[application/json, application/*+json]
2026-03-28 01:23:31 [DiscoveryClient-HeartbeatExecutor-%d] DEBUG o.s.web.client.RestTemplate - Response 200 OK
2026-03-28 01:23:31 [DiscoveryClient-CacheRefreshExecutor-%d] DEBUG o.s.web.client.RestTemplate - Response 200 OK
2026-03-28 01:23:31 [DiscoveryClient-CacheRefreshExecutor-%d] DEBUG o.s.web.client.RestTemplate - Reading to [org.springframework.cloud.netflix.eureka.http.EurekaApplications]
2026-03-28 01:24:01 [DiscoveryClient-HeartbeatExecutor-%d] DEBUG o.s.web.client.RestTemplate - HTTP PUT http://localhost:8761/eureka/apps/AUTH-SERVICE/DESKTOP-I56EJUR:auth-service:8086?status=UP&lastDirtyTimestamp=1774624619938
2026-03-28 01:24:01 [DiscoveryClient-CacheRefreshExecutor-%d] DEBUG o.s.web.client.RestTemplate - HTTP GET http://localhost:8761/eureka/apps/delta
2026-03-28 01:24:01 [DiscoveryClient-HeartbeatExecutor-%d] DEBUG o.s.web.client.RestTemplate - Accept=[application/json, application/*+json]
2026-03-28 01:24:01 [DiscoveryClient-CacheRefreshExecutor-%d] DEBUG o.s.web.client.RestTemplate - Accept=[application/json, application/*+json]
2026-03-28 01:24:01 [DiscoveryClient-HeartbeatExecutor-%d] DEBUG o.s.web.client.RestTemplate - Response 200 OK
2026-03-28 01:24:01 [DiscoveryClient-CacheRefreshExecutor-%d] DEBUG o.s.web.client.RestTemplate - Response 200 OK
2026-03-28 01:24:01 [DiscoveryClient-CacheRefreshExecutor-%d] DEBUG o.s.web.client.RestTemplate - Reading to [org.springframework.cloud.netflix.eureka.http.EurekaApplications]
2026-03-28 01:24:23 [AsyncResolver-bootstrap-executor-%d] INFO  c.n.d.s.r.aws.ConfigClusterResolver - Resolving eureka endpoints via configuration
2026-03-28 01:24:31 [DiscoveryClient-CacheRefreshExecutor-%d] DEBUG o.s.web.client.RestTemplate - HTTP GET http://localhost:8761/eureka/apps/delta
2026-03-28 01:24:31 [DiscoveryClient-CacheRefreshExecutor-%d] DEBUG o.s.web.client.RestTemplate - Accept=[application/json, application/*+json]
2026-03-28 01:24:31 [DiscoveryClient-HeartbeatExecutor-%d] DEBUG o.s.web.client.RestTemplate - HTTP PUT http://localhost:8761/eureka/apps/AUTH-SERVICE/DESKTOP-I56EJUR:auth-service:8086?status=UP&lastDirtyTimestamp=1774624619938
2026-03-28 01:24:31 [DiscoveryClient-HeartbeatExecutor-%d] DEBUG o.s.web.client.RestTemplate - Accept=[application/json, application/*+json]
2026-03-28 01:24:31 [DiscoveryClient-HeartbeatExecutor-%d] DEBUG o.s.web.client.RestTemplate - Response 200 OK
2026-03-28 01:24:31 [DiscoveryClient-CacheRefreshExecutor-%d] DEBUG o.s.web.client.RestTemplate - Response 200 OK
2026-03-28 01:24:31 [DiscoveryClient-CacheRefreshExecutor-%d] DEBUG o.s.web.client.RestTemplate - Reading to [org.springframework.cloud.netflix.eureka.http.EurekaApplications]
2026-03-28 01:25:01 [DiscoveryClient-HeartbeatExecutor-%d] DEBUG o.s.web.client.RestTemplate - HTTP PUT http://localhost:8761/eureka/apps/AUTH-SERVICE/DESKTOP-I56EJUR:auth-service:8086?status=UP&lastDirtyTimestamp=1774624619938
2026-03-28 01:25:01 [DiscoveryClient-CacheRefreshExecutor-%d] DEBUG o.s.web.client.RestTemplate - HTTP GET http://localhost:8761/eureka/apps/delta
2026-03-28 01:25:01 [DiscoveryClient-HeartbeatExecutor-%d] DEBUG o.s.web.client.RestTemplate - Accept=[application/json, application/*+json]
2026-03-28 01:25:01 [DiscoveryClient-CacheRefreshExecutor-%d] DEBUG o.s.web.client.RestTemplate - Accept=[application/json, application/*+json]
2026-03-28 01:25:01 [DiscoveryClient-HeartbeatExecutor-%d] DEBUG o.s.web.client.RestTemplate - Response 200 OK
2026-03-28 01:25:01 [DiscoveryClient-CacheRefreshExecutor-%d] DEBUG o.s.web.client.RestTemplate - Response 200 OK
2026-03-28 01:25:01 [DiscoveryClient-CacheRefreshExecutor-%d] DEBUG o.s.web.client.RestTemplate - Reading to [org.springframework.cloud.netflix.eureka.http.EurekaApplications]
2026-03-28 01:25:31 [DiscoveryClient-HeartbeatExecutor-%d] DEBUG o.s.web.client.RestTemplate - HTTP PUT http://localhost:8761/eureka/apps/AUTH-SERVICE/DESKTOP-I56EJUR:auth-service:8086?status=UP&lastDirtyTimestamp=1774624619938
2026-03-28 01:25:31 [DiscoveryClient-HeartbeatExecutor-%d] DEBUG o.s.web.client.RestTemplate - Accept=[application/json, application/*+json]
2026-03-28 01:25:31 [DiscoveryClient-CacheRefreshExecutor-%d] DEBUG o.s.web.client.RestTemplate - HTTP GET http://localhost:8761/eureka/apps/delta
2026-03-28 01:25:31 [DiscoveryClient-CacheRefreshExecutor-%d] DEBUG o.s.web.client.RestTemplate - Accept=[application/json, application/*+json]
2026-03-28 01:25:31 [DiscoveryClient-HeartbeatExecutor-%d] DEBUG o.s.web.client.RestTemplate - Response 200 OK
2026-03-28 01:25:31 [DiscoveryClient-CacheRefreshExecutor-%d] DEBUG o.s.web.client.RestTemplate - Response 200 OK
2026-03-28 01:25:31 [DiscoveryClient-CacheRefreshExecutor-%d] DEBUG o.s.web.client.RestTemplate - Reading to [org.springframework.cloud.netflix.eureka.http.EurekaApplications]
2026-03-28 01:26:01 [DiscoveryClient-HeartbeatExecutor-%d] DEBUG o.s.web.client.RestTemplate - HTTP PUT http://localhost:8761/eureka/apps/AUTH-SERVICE/DESKTOP-I56EJUR:auth-service:8086?status=UP&lastDirtyTimestamp=1774624619938
2026-03-28 01:26:01 [DiscoveryClient-HeartbeatExecutor-%d] DEBUG o.s.web.client.RestTemplate - Accept=[application/json, application/*+json]
2026-03-28 01:26:01 [DiscoveryClient-CacheRefreshExecutor-%d] DEBUG o.s.web.client.RestTemplate - HTTP GET http://localhost:8761/eureka/apps/delta
2026-03-28 01:26:01 [DiscoveryClient-CacheRefreshExecutor-%d] DEBUG o.s.web.client.RestTemplate - Accept=[application/json, application/*+json]
2026-03-28 01:26:01 [DiscoveryClient-HeartbeatExecutor-%d] DEBUG o.s.web.client.RestTemplate - Response 200 OK
2026-03-28 01:26:01 [DiscoveryClient-CacheRefreshExecutor-%d] DEBUG o.s.web.client.RestTemplate - Response 200 OK
2026-03-28 01:26:01 [DiscoveryClient-CacheRefreshExecutor-%d] DEBUG o.s.web.client.RestTemplate - Reading to [org.springframework.cloud.netflix.eureka.http.EurekaApplications]
2026-03-28 01:26:31 [DiscoveryClient-HeartbeatExecutor-%d] DEBUG o.s.web.client.RestTemplate - HTTP PUT http://localhost:8761/eureka/apps/AUTH-SERVICE/DESKTOP-I56EJUR:auth-service:8086?status=UP&lastDirtyTimestamp=1774624619938
2026-03-28 01:26:31 [DiscoveryClient-HeartbeatExecutor-%d] DEBUG o.s.web.client.RestTemplate - Accept=[application/json, application/*+json]
2026-03-28 01:26:31 [DiscoveryClient-CacheRefreshExecutor-%d] DEBUG o.s.web.client.RestTemplate - HTTP GET http://localhost:8761/eureka/apps/delta
2026-03-28 01:26:31 [DiscoveryClient-CacheRefreshExecutor-%d] DEBUG o.s.web.client.RestTemplate - Accept=[application/json, application/*+json]
2026-03-28 01:26:31 [DiscoveryClient-HeartbeatExecutor-%d] DEBUG o.s.web.client.RestTemplate - Response 200 OK
2026-03-28 01:26:31 [DiscoveryClient-CacheRefreshExecutor-%d] DEBUG o.s.web.client.RestTemplate - Response 200 OK
2026-03-28 01:26:31 [DiscoveryClient-CacheRefreshExecutor-%d] DEBUG o.s.web.client.RestTemplate - Reading to [org.springframework.cloud.netflix.eureka.http.EurekaApplications]
2026-03-28 01:27:01 [DiscoveryClient-HeartbeatExecutor-%d] DEBUG o.s.web.client.RestTemplate - HTTP PUT http://localhost:8761/eureka/apps/AUTH-SERVICE/DESKTOP-I56EJUR:auth-service:8086?status=UP&lastDirtyTimestamp=1774624619938
2026-03-28 01:27:01 [DiscoveryClient-HeartbeatExecutor-%d] DEBUG o.s.web.client.RestTemplate - Accept=[application/json, application/*+json]
2026-03-28 01:27:01 [DiscoveryClient-HeartbeatExecutor-%d] DEBUG o.s.web.client.RestTemplate - Response 200 OK
2026-03-28 01:27:01 [DiscoveryClient-CacheRefreshExecutor-%d] DEBUG o.s.web.client.RestTemplate - HTTP GET http://localhost:8761/eureka/apps/delta
2026-03-28 01:27:01 [DiscoveryClient-CacheRefreshExecutor-%d] DEBUG o.s.web.client.RestTemplate - Accept=[application/json, application/*+json]
2026-03-28 01:27:01 [DiscoveryClient-CacheRefreshExecutor-%d] DEBUG o.s.web.client.RestTemplate - Response 200 OK
2026-03-28 01:27:01 [DiscoveryClient-CacheRefreshExecutor-%d] DEBUG o.s.web.client.RestTemplate - Reading to [org.springframework.cloud.netflix.eureka.http.EurekaApplications]
2026-03-28 01:27:31 [DiscoveryClient-HeartbeatExecutor-%d] DEBUG o.s.web.client.RestTemplate - HTTP PUT http://localhost:8761/eureka/apps/AUTH-SERVICE/DESKTOP-I56EJUR:auth-service:8086?status=UP&lastDirtyTimestamp=1774624619938
2026-03-28 01:27:31 [DiscoveryClient-HeartbeatExecutor-%d] DEBUG o.s.web.client.RestTemplate - Accept=[application/json, application/*+json]
2026-03-28 01:27:31 [DiscoveryClient-CacheRefreshExecutor-%d] DEBUG o.s.web.client.RestTemplate - HTTP GET http://localhost:8761/eureka/apps/delta
2026-03-28 01:27:31 [DiscoveryClient-CacheRefreshExecutor-%d] DEBUG o.s.web.client.RestTemplate - Accept=[application/json, application/*+json]
2026-03-28 01:27:31 [DiscoveryClient-HeartbeatExecutor-%d] DEBUG o.s.web.client.RestTemplate - Response 200 OK
2026-03-28 01:27:31 [DiscoveryClient-CacheRefreshExecutor-%d] DEBUG o.s.web.client.RestTemplate - Response 200 OK
2026-03-28 01:27:31 [DiscoveryClient-CacheRefreshExecutor-%d] DEBUG o.s.web.client.RestTemplate - Reading to [org.springframework.cloud.netflix.eureka.http.EurekaApplications]
2026-03-28 01:28:01 [DiscoveryClient-HeartbeatExecutor-%d] DEBUG o.s.web.client.RestTemplate - HTTP PUT http://localhost:8761/eureka/apps/AUTH-SERVICE/DESKTOP-I56EJUR:auth-service:8086?status=UP&lastDirtyTimestamp=1774624619938
2026-03-28 01:28:01 [DiscoveryClient-HeartbeatExecutor-%d] DEBUG o.s.web.client.RestTemplate - Accept=[application/json, application/*+json]
2026-03-28 01:28:01 [DiscoveryClient-HeartbeatExecutor-%d] DEBUG o.s.web.client.RestTemplate - Response 200 OK
2026-03-28 01:28:01 [DiscoveryClient-CacheRefreshExecutor-%d] DEBUG o.s.web.client.RestTemplate - HTTP GET http://localhost:8761/eureka/apps/delta
2026-03-28 01:28:01 [DiscoveryClient-CacheRefreshExecutor-%d] DEBUG o.s.web.client.RestTemplate - Accept=[application/json, application/*+json]
2026-03-28 01:28:01 [DiscoveryClient-CacheRefreshExecutor-%d] DEBUG o.s.web.client.RestTemplate - Response 200 OK
2026-03-28 01:28:01 [DiscoveryClient-CacheRefreshExecutor-%d] DEBUG o.s.web.client.RestTemplate - Reading to [org.springframework.cloud.netflix.eureka.http.EurekaApplications]
2026-03-28 01:28:31 [DiscoveryClient-HeartbeatExecutor-%d] DEBUG o.s.web.client.RestTemplate - HTTP PUT http://localhost:8761/eureka/apps/AUTH-SERVICE/DESKTOP-I56EJUR:auth-service:8086?status=UP&lastDirtyTimestamp=1774624619938
2026-03-28 01:28:31 [DiscoveryClient-HeartbeatExecutor-%d] DEBUG o.s.web.client.RestTemplate - Accept=[application/json, application/*+json]
2026-03-28 01:28:31 [DiscoveryClient-HeartbeatExecutor-%d] DEBUG o.s.web.client.RestTemplate - Response 200 OK
2026-03-28 01:28:31 [DiscoveryClient-CacheRefreshExecutor-%d] DEBUG o.s.web.client.RestTemplate - HTTP GET http://localhost:8761/eureka/apps/delta
2026-03-28 01:28:31 [DiscoveryClient-CacheRefreshExecutor-%d] DEBUG o.s.web.client.RestTemplate - Accept=[application/json, application/*+json]
2026-03-28 01:28:31 [DiscoveryClient-CacheRefreshExecutor-%d] DEBUG o.s.web.client.RestTemplate - Response 200 OK
2026-03-28 01:28:31 [DiscoveryClient-CacheRefreshExecutor-%d] DEBUG o.s.web.client.RestTemplate - Reading to [org.springframework.cloud.netflix.eureka.http.EurekaApplications]
2026-03-28 01:29:01 [DiscoveryClient-HeartbeatExecutor-%d] DEBUG o.s.web.client.RestTemplate - HTTP PUT http://localhost:8761/eureka/apps/AUTH-SERVICE/DESKTOP-I56EJUR:auth-service:8086?status=UP&lastDirtyTimestamp=1774624619938
2026-03-28 01:29:01 [DiscoveryClient-HeartbeatExecutor-%d] DEBUG o.s.web.client.RestTemplate - Accept=[application/json, application/*+json]
2026-03-28 01:29:01 [DiscoveryClient-HeartbeatExecutor-%d] DEBUG o.s.web.client.RestTemplate - Response 200 OK
2026-03-28 01:29:01 [DiscoveryClient-CacheRefreshExecutor-%d] DEBUG o.s.web.client.RestTemplate - HTTP GET http://localhost:8761/eureka/apps/delta
2026-03-28 01:29:01 [DiscoveryClient-CacheRefreshExecutor-%d] DEBUG o.s.web.client.RestTemplate - Accept=[application/json, application/*+json]
2026-03-28 01:29:01 [DiscoveryClient-CacheRefreshExecutor-%d] DEBUG o.s.web.client.RestTemplate - Response 200 OK
2026-03-28 01:29:01 [DiscoveryClient-CacheRefreshExecutor-%d] DEBUG o.s.web.client.RestTemplate - Reading to [org.springframework.cloud.netflix.eureka.http.EurekaApplications]
2026-03-28 01:29:23 [AsyncResolver-bootstrap-executor-%d] INFO  c.n.d.s.r.aws.ConfigClusterResolver - Resolving eureka endpoints via configuration
2026-03-28 01:29:31 [DiscoveryClient-CacheRefreshExecutor-%d] DEBUG o.s.web.client.RestTemplate - HTTP GET http://localhost:8761/eureka/apps/delta
2026-03-28 01:29:31 [DiscoveryClient-HeartbeatExecutor-%d] DEBUG o.s.web.client.RestTemplate - HTTP PUT http://localhost:8761/eureka/apps/AUTH-SERVICE/DESKTOP-I56EJUR:auth-service:8086?status=UP&lastDirtyTimestamp=1774624619938
2026-03-28 01:29:31 [DiscoveryClient-CacheRefreshExecutor-%d] DEBUG o.s.web.client.RestTemplate - Accept=[application/json, application/*+json]
2026-03-28 01:29:31 [DiscoveryClient-HeartbeatExecutor-%d] DEBUG o.s.web.client.RestTemplate - Accept=[application/json, application/*+json]
2026-03-28 01:29:31 [DiscoveryClient-CacheRefreshExecutor-%d] DEBUG o.s.web.client.RestTemplate - Response 200 OK
2026-03-28 01:29:31 [DiscoveryClient-CacheRefreshExecutor-%d] DEBUG o.s.web.client.RestTemplate - Reading to [org.springframework.cloud.netflix.eureka.http.EurekaApplications]
2026-03-28 01:29:31 [DiscoveryClient-HeartbeatExecutor-%d] DEBUG o.s.web.client.RestTemplate - Response 200 OK
2026-03-28 01:30:01 [DiscoveryClient-CacheRefreshExecutor-%d] DEBUG o.s.web.client.RestTemplate - HTTP GET http://localhost:8761/eureka/apps/delta
2026-03-28 01:30:01 [DiscoveryClient-HeartbeatExecutor-%d] DEBUG o.s.web.client.RestTemplate - HTTP PUT http://localhost:8761/eureka/apps/AUTH-SERVICE/DESKTOP-I56EJUR:auth-service:8086?status=UP&lastDirtyTimestamp=1774624619938
2026-03-28 01:30:01 [DiscoveryClient-CacheRefreshExecutor-%d] DEBUG o.s.web.client.RestTemplate - Accept=[application/json, application/*+json]
2026-03-28 01:30:01 [DiscoveryClient-HeartbeatExecutor-%d] DEBUG o.s.web.client.RestTemplate - Accept=[application/json, application/*+json]
2026-03-28 01:30:01 [DiscoveryClient-HeartbeatExecutor-%d] DEBUG o.s.web.client.RestTemplate - Response 200 OK
2026-03-28 01:30:01 [DiscoveryClient-CacheRefreshExecutor-%d] DEBUG o.s.web.client.RestTemplate - Response 200 OK
2026-03-28 01:30:01 [DiscoveryClient-CacheRefreshExecutor-%d] DEBUG o.s.web.client.RestTemplate - Reading to [org.springframework.cloud.netflix.eureka.http.EurekaApplications]
2026-03-28 01:30:31 [DiscoveryClient-CacheRefreshExecutor-%d] DEBUG o.s.web.client.RestTemplate - HTTP GET http://localhost:8761/eureka/apps/delta
2026-03-28 01:30:31 [DiscoveryClient-HeartbeatExecutor-%d] DEBUG o.s.web.client.RestTemplate - HTTP PUT http://localhost:8761/eureka/apps/AUTH-SERVICE/DESKTOP-I56EJUR:auth-service:8086?status=UP&lastDirtyTimestamp=1774624619938
2026-03-28 01:30:31 [DiscoveryClient-CacheRefreshExecutor-%d] DEBUG o.s.web.client.RestTemplate - Accept=[application/json, application/*+json]
2026-03-28 01:30:31 [DiscoveryClient-HeartbeatExecutor-%d] DEBUG o.s.web.client.RestTemplate - Accept=[application/json, application/*+json]
2026-03-28 01:30:31 [DiscoveryClient-CacheRefreshExecutor-%d] DEBUG o.s.web.client.RestTemplate - Response 200 OK
2026-03-28 01:30:31 [DiscoveryClient-HeartbeatExecutor-%d] DEBUG o.s.web.client.RestTemplate - Response 200 OK
2026-03-28 01:30:31 [DiscoveryClient-CacheRefreshExecutor-%d] DEBUG o.s.web.client.RestTemplate - Reading to [org.springframework.cloud.netflix.eureka.http.EurekaApplications]
2026-03-28 01:31:01 [DiscoveryClient-CacheRefreshExecutor-%d] DEBUG o.s.web.client.RestTemplate - HTTP GET http://localhost:8761/eureka/apps/delta
2026-03-28 01:31:01 [DiscoveryClient-HeartbeatExecutor-%d] DEBUG o.s.web.client.RestTemplate - HTTP PUT http://localhost:8761/eureka/apps/AUTH-SERVICE/DESKTOP-I56EJUR:auth-service:8086?status=UP&lastDirtyTimestamp=1774624619938
2026-03-28 01:31:01 [DiscoveryClient-HeartbeatExecutor-%d] DEBUG o.s.web.client.RestTemplate - Accept=[application/json, application/*+json]
2026-03-28 01:31:01 [DiscoveryClient-CacheRefreshExecutor-%d] DEBUG o.s.web.client.RestTemplate - Accept=[application/json, application/*+json]
2026-03-28 01:31:01 [DiscoveryClient-HeartbeatExecutor-%d] DEBUG o.s.web.client.RestTemplate - Response 200 OK
2026-03-28 01:31:01 [DiscoveryClient-CacheRefreshExecutor-%d] DEBUG o.s.web.client.RestTemplate - Response 200 OK
2026-03-28 01:31:01 [DiscoveryClient-CacheRefreshExecutor-%d] DEBUG o.s.web.client.RestTemplate - Reading to [org.springframework.cloud.netflix.eureka.http.EurekaApplications]
2026-03-28 01:31:31 [DiscoveryClient-HeartbeatExecutor-%d] DEBUG o.s.web.client.RestTemplate - HTTP PUT http://localhost:8761/eureka/apps/AUTH-SERVICE/DESKTOP-I56EJUR:auth-service:8086?status=UP&lastDirtyTimestamp=1774624619938
2026-03-28 01:31:31 [DiscoveryClient-HeartbeatExecutor-%d] DEBUG o.s.web.client.RestTemplate - Accept=[application/json, application/*+json]
2026-03-28 01:31:31 [DiscoveryClient-CacheRefreshExecutor-%d] DEBUG o.s.web.client.RestTemplate - HTTP GET http://localhost:8761/eureka/apps/delta
2026-03-28 01:31:31 [DiscoveryClient-CacheRefreshExecutor-%d] DEBUG o.s.web.client.RestTemplate - Accept=[application/json, application/*+json]
2026-03-28 01:31:31 [DiscoveryClient-HeartbeatExecutor-%d] DEBUG o.s.web.client.RestTemplate - Response 200 OK
2026-03-28 01:31:31 [DiscoveryClient-CacheRefreshExecutor-%d] DEBUG o.s.web.client.RestTemplate - Response 200 OK
2026-03-28 01:31:31 [DiscoveryClient-CacheRefreshExecutor-%d] DEBUG o.s.web.client.RestTemplate - Reading to [org.springframework.cloud.netflix.eureka.http.EurekaApplications]
2026-03-28 01:32:01 [DiscoveryClient-HeartbeatExecutor-%d] DEBUG o.s.web.client.RestTemplate - HTTP PUT http://localhost:8761/eureka/apps/AUTH-SERVICE/DESKTOP-I56EJUR:auth-service:8086?status=UP&lastDirtyTimestamp=1774624619938
2026-03-28 01:32:01 [DiscoveryClient-CacheRefreshExecutor-%d] DEBUG o.s.web.client.RestTemplate - HTTP GET http://localhost:8761/eureka/apps/delta
2026-03-28 01:32:01 [DiscoveryClient-CacheRefreshExecutor-%d] DEBUG o.s.web.client.RestTemplate - Accept=[application/json, application/*+json]
2026-03-28 01:32:01 [DiscoveryClient-HeartbeatExecutor-%d] DEBUG o.s.web.client.RestTemplate - Accept=[application/json, application/*+json]
2026-03-28 01:32:01 [DiscoveryClient-CacheRefreshExecutor-%d] DEBUG o.s.web.client.RestTemplate - Response 200 OK
2026-03-28 01:32:01 [DiscoveryClient-HeartbeatExecutor-%d] DEBUG o.s.web.client.RestTemplate - Response 200 OK
2026-03-28 01:32:01 [DiscoveryClient-CacheRefreshExecutor-%d] DEBUG o.s.web.client.RestTemplate - Reading to [org.springframework.cloud.netflix.eureka.http.EurekaApplications]
2026-03-28 01:32:31 [DiscoveryClient-CacheRefreshExecutor-%d] DEBUG o.s.web.client.RestTemplate - HTTP GET http://localhost:8761/eureka/apps/delta
2026-03-28 01:32:31 [DiscoveryClient-HeartbeatExecutor-%d] DEBUG o.s.web.client.RestTemplate - HTTP PUT http://localhost:8761/eureka/apps/AUTH-SERVICE/DESKTOP-I56EJUR:auth-service:8086?status=UP&lastDirtyTimestamp=1774624619938
2026-03-28 01:32:31 [DiscoveryClient-CacheRefreshExecutor-%d] DEBUG o.s.web.client.RestTemplate - Accept=[application/json, application/*+json]
2026-03-28 01:32:31 [DiscoveryClient-HeartbeatExecutor-%d] DEBUG o.s.web.client.RestTemplate - Accept=[application/json, application/*+json]
2026-03-28 01:32:31 [DiscoveryClient-CacheRefreshExecutor-%d] DEBUG o.s.web.client.RestTemplate - Response 200 OK
2026-03-28 01:32:31 [DiscoveryClient-HeartbeatExecutor-%d] DEBUG o.s.web.client.RestTemplate - Response 200 OK
2026-03-28 01:32:31 [DiscoveryClient-CacheRefreshExecutor-%d] DEBUG o.s.web.client.RestTemplate - Reading to [org.springframework.cloud.netflix.eureka.http.EurekaApplications]
2026-03-28 01:33:01 [DiscoveryClient-CacheRefreshExecutor-%d] DEBUG o.s.web.client.RestTemplate - HTTP GET http://localhost:8761/eureka/apps/delta
2026-03-28 01:33:01 [DiscoveryClient-HeartbeatExecutor-%d] DEBUG o.s.web.client.RestTemplate - HTTP PUT http://localhost:8761/eureka/apps/AUTH-SERVICE/DESKTOP-I56EJUR:auth-service:8086?status=UP&lastDirtyTimestamp=1774624619938
2026-03-28 01:33:01 [DiscoveryClient-CacheRefreshExecutor-%d] DEBUG o.s.web.client.RestTemplate - Accept=[application/json, application/*+json]
2026-03-28 01:33:01 [DiscoveryClient-HeartbeatExecutor-%d] DEBUG o.s.web.client.RestTemplate - Accept=[application/json, application/*+json]
2026-03-28 01:33:01 [DiscoveryClient-HeartbeatExecutor-%d] DEBUG o.s.web.client.RestTemplate - Response 200 OK
2026-03-28 01:33:01 [DiscoveryClient-CacheRefreshExecutor-%d] DEBUG o.s.web.client.RestTemplate - Response 200 OK
2026-03-28 01:33:01 [DiscoveryClient-CacheRefreshExecutor-%d] DEBUG o.s.web.client.RestTemplate - Reading to [org.springframework.cloud.netflix.eureka.http.EurekaApplications]
2026-03-28 01:33:31 [DiscoveryClient-CacheRefreshExecutor-%d] DEBUG o.s.web.client.RestTemplate - HTTP GET http://localhost:8761/eureka/apps/delta
2026-03-28 01:33:31 [DiscoveryClient-HeartbeatExecutor-%d] DEBUG o.s.web.client.RestTemplate - HTTP PUT http://localhost:8761/eureka/apps/AUTH-SERVICE/DESKTOP-I56EJUR:auth-service:8086?status=UP&lastDirtyTimestamp=1774624619938
2026-03-28 01:33:31 [DiscoveryClient-CacheRefreshExecutor-%d] DEBUG o.s.web.client.RestTemplate - Accept=[application/json, application/*+json]
2026-03-28 01:33:31 [DiscoveryClient-HeartbeatExecutor-%d] DEBUG o.s.web.client.RestTemplate - Accept=[application/json, application/*+json]
2026-03-28 01:33:32 [DiscoveryClient-HeartbeatExecutor-%d] DEBUG o.s.web.client.RestTemplate - Response 200 OK
2026-03-28 01:33:32 [DiscoveryClient-CacheRefreshExecutor-%d] DEBUG o.s.web.client.RestTemplate - Response 200 OK
2026-03-28 01:33:32 [DiscoveryClient-CacheRefreshExecutor-%d] DEBUG o.s.web.client.RestTemplate - Reading to [org.springframework.cloud.netflix.eureka.http.EurekaApplications]
2026-03-28 01:34:02 [DiscoveryClient-HeartbeatExecutor-%d] DEBUG o.s.web.client.RestTemplate - HTTP PUT http://localhost:8761/eureka/apps/AUTH-SERVICE/DESKTOP-I56EJUR:auth-service:8086?status=UP&lastDirtyTimestamp=1774624619938
2026-03-28 01:34:02 [DiscoveryClient-HeartbeatExecutor-%d] DEBUG o.s.web.client.RestTemplate - Accept=[application/json, application/*+json]
2026-03-28 01:34:02 [DiscoveryClient-CacheRefreshExecutor-%d] DEBUG o.s.web.client.RestTemplate - HTTP GET http://localhost:8761/eureka/apps/delta
2026-03-28 01:34:02 [DiscoveryClient-CacheRefreshExecutor-%d] DEBUG o.s.web.client.RestTemplate - Accept=[application/json, application/*+json]
2026-03-28 01:34:02 [DiscoveryClient-HeartbeatExecutor-%d] DEBUG o.s.web.client.RestTemplate - Response 200 OK
2026-03-28 01:34:02 [DiscoveryClient-CacheRefreshExecutor-%d] DEBUG o.s.web.client.RestTemplate - Response 200 OK
2026-03-28 01:34:02 [DiscoveryClient-CacheRefreshExecutor-%d] DEBUG o.s.web.client.RestTemplate - Reading to [org.springframework.cloud.netflix.eureka.http.EurekaApplications]
2026-03-28 01:34:23 [AsyncResolver-bootstrap-executor-%d] INFO  c.n.d.s.r.aws.ConfigClusterResolver - Resolving eureka endpoints via configuration
2026-03-28 01:34:32 [DiscoveryClient-HeartbeatExecutor-%d] DEBUG o.s.web.client.RestTemplate - HTTP PUT http://localhost:8761/eureka/apps/AUTH-SERVICE/DESKTOP-I56EJUR:auth-service:8086?status=UP&lastDirtyTimestamp=1774624619938
2026-03-28 01:34:32 [DiscoveryClient-HeartbeatExecutor-%d] DEBUG o.s.web.client.RestTemplate - Accept=[application/json, application/*+json]
2026-03-28 01:34:32 [DiscoveryClient-CacheRefreshExecutor-%d] DEBUG o.s.web.client.RestTemplate - HTTP GET http://localhost:8761/eureka/apps/delta
2026-03-28 01:34:32 [DiscoveryClient-CacheRefreshExecutor-%d] DEBUG o.s.web.client.RestTemplate - Accept=[application/json, application/*+json]
2026-03-28 01:34:32 [DiscoveryClient-HeartbeatExecutor-%d] DEBUG o.s.web.client.RestTemplate - Response 200 OK
2026-03-28 01:34:32 [DiscoveryClient-CacheRefreshExecutor-%d] DEBUG o.s.web.client.RestTemplate - Response 200 OK
2026-03-28 01:34:32 [DiscoveryClient-CacheRefreshExecutor-%d] DEBUG o.s.web.client.RestTemplate - Reading to [org.springframework.cloud.netflix.eureka.http.EurekaApplications]
2026-03-28 01:35:02 [DiscoveryClient-HeartbeatExecutor-%d] DEBUG o.s.web.client.RestTemplate - HTTP PUT http://localhost:8761/eureka/apps/AUTH-SERVICE/DESKTOP-I56EJUR:auth-service:8086?status=UP&lastDirtyTimestamp=1774624619938
2026-03-28 01:35:02 [DiscoveryClient-CacheRefreshExecutor-%d] DEBUG o.s.web.client.RestTemplate - HTTP GET http://localhost:8761/eureka/apps/delta
2026-03-28 01:35:02 [DiscoveryClient-CacheRefreshExecutor-%d] DEBUG o.s.web.client.RestTemplate - Accept=[application/json, application/*+json]
2026-03-28 01:35:02 [DiscoveryClient-HeartbeatExecutor-%d] DEBUG o.s.web.client.RestTemplate - Accept=[application/json, application/*+json]
2026-03-28 01:35:02 [DiscoveryClient-HeartbeatExecutor-%d] DEBUG o.s.web.client.RestTemplate - Response 200 OK
2026-03-28 01:35:02 [DiscoveryClient-CacheRefreshExecutor-%d] DEBUG o.s.web.client.RestTemplate - Response 200 OK
2026-03-28 01:35:02 [DiscoveryClient-CacheRefreshExecutor-%d] DEBUG o.s.web.client.RestTemplate - Reading to [org.springframework.cloud.netflix.eureka.http.EurekaApplications]
2026-03-28 01:35:32 [DiscoveryClient-HeartbeatExecutor-%d] DEBUG o.s.web.client.RestTemplate - HTTP PUT http://localhost:8761/eureka/apps/AUTH-SERVICE/DESKTOP-I56EJUR:auth-service:8086?status=UP&lastDirtyTimestamp=1774624619938
2026-03-28 01:35:32 [DiscoveryClient-HeartbeatExecutor-%d] DEBUG o.s.web.client.RestTemplate - Accept=[application/json, application/*+json]
2026-03-28 01:35:32 [DiscoveryClient-CacheRefreshExecutor-%d] DEBUG o.s.web.client.RestTemplate - HTTP GET http://localhost:8761/eureka/apps/delta
2026-03-28 01:35:32 [DiscoveryClient-CacheRefreshExecutor-%d] DEBUG o.s.web.client.RestTemplate - Accept=[application/json, application/*+json]
2026-03-28 01:35:32 [DiscoveryClient-HeartbeatExecutor-%d] DEBUG o.s.web.client.RestTemplate - Response 200 OK
2026-03-28 01:35:32 [DiscoveryClient-CacheRefreshExecutor-%d] DEBUG o.s.web.client.RestTemplate - Response 200 OK
2026-03-28 01:35:32 [DiscoveryClient-CacheRefreshExecutor-%d] DEBUG o.s.web.client.RestTemplate - Reading to [org.springframework.cloud.netflix.eureka.http.EurekaApplications]
2026-03-28 01:36:02 [DiscoveryClient-HeartbeatExecutor-%d] DEBUG o.s.web.client.RestTemplate - HTTP PUT http://localhost:8761/eureka/apps/AUTH-SERVICE/DESKTOP-I56EJUR:auth-service:8086?status=UP&lastDirtyTimestamp=1774624619938
2026-03-28 01:36:02 [DiscoveryClient-HeartbeatExecutor-%d] DEBUG o.s.web.client.RestTemplate - Accept=[application/json, application/*+json]
2026-03-28 01:36:02 [DiscoveryClient-CacheRefreshExecutor-%d] DEBUG o.s.web.client.RestTemplate - HTTP GET http://localhost:8761/eureka/apps/delta
2026-03-28 01:36:02 [DiscoveryClient-CacheRefreshExecutor-%d] DEBUG o.s.web.client.RestTemplate - Accept=[application/json, application/*+json]
2026-03-28 01:36:02 [DiscoveryClient-HeartbeatExecutor-%d] DEBUG o.s.web.client.RestTemplate - Response 200 OK
2026-03-28 01:36:02 [DiscoveryClient-CacheRefreshExecutor-%d] DEBUG o.s.web.client.RestTemplate - Response 200 OK
2026-03-28 01:36:02 [DiscoveryClient-CacheRefreshExecutor-%d] DEBUG o.s.web.client.RestTemplate - Reading to [org.springframework.cloud.netflix.eureka.http.EurekaApplications]
2026-03-28 01:36:32 [DiscoveryClient-HeartbeatExecutor-%d] DEBUG o.s.web.client.RestTemplate - HTTP PUT http://localhost:8761/eureka/apps/AUTH-SERVICE/DESKTOP-I56EJUR:auth-service:8086?status=UP&lastDirtyTimestamp=1774624619938
2026-03-28 01:36:32 [DiscoveryClient-HeartbeatExecutor-%d] DEBUG o.s.web.client.RestTemplate - Accept=[application/json, application/*+json]
2026-03-28 01:36:32 [DiscoveryClient-CacheRefreshExecutor-%d] DEBUG o.s.web.client.RestTemplate - HTTP GET http://localhost:8761/eureka/apps/delta
2026-03-28 01:36:32 [DiscoveryClient-CacheRefreshExecutor-%d] DEBUG o.s.web.client.RestTemplate - Accept=[application/json, application/*+json]
2026-03-28 01:36:32 [DiscoveryClient-HeartbeatExecutor-%d] DEBUG o.s.web.client.RestTemplate - Response 200 OK
2026-03-28 01:36:32 [DiscoveryClient-CacheRefreshExecutor-%d] DEBUG o.s.web.client.RestTemplate - Response 200 OK
2026-03-28 01:36:32 [DiscoveryClient-CacheRefreshExecutor-%d] DEBUG o.s.web.client.RestTemplate - Reading to [org.springframework.cloud.netflix.eureka.http.EurekaApplications]
2026-03-28 01:37:02 [DiscoveryClient-HeartbeatExecutor-%d] DEBUG o.s.web.client.RestTemplate - HTTP PUT http://localhost:8761/eureka/apps/AUTH-SERVICE/DESKTOP-I56EJUR:auth-service:8086?status=UP&lastDirtyTimestamp=1774624619938
2026-03-28 01:37:02 [DiscoveryClient-HeartbeatExecutor-%d] DEBUG o.s.web.client.RestTemplate - Accept=[application/json, application/*+json]
2026-03-28 01:37:02 [DiscoveryClient-CacheRefreshExecutor-%d] DEBUG o.s.web.client.RestTemplate - HTTP GET http://localhost:8761/eureka/apps/delta
2026-03-28 01:37:02 [DiscoveryClient-CacheRefreshExecutor-%d] DEBUG o.s.web.client.RestTemplate - Accept=[application/json, application/*+json]
2026-03-28 01:37:02 [DiscoveryClient-HeartbeatExecutor-%d] DEBUG o.s.web.client.RestTemplate - Response 200 OK
2026-03-28 01:37:02 [DiscoveryClient-CacheRefreshExecutor-%d] DEBUG o.s.web.client.RestTemplate - Response 200 OK
2026-03-28 01:37:02 [DiscoveryClient-CacheRefreshExecutor-%d] DEBUG o.s.web.client.RestTemplate - Reading to [org.springframework.cloud.netflix.eureka.http.EurekaApplications]
2026-03-28 01:37:32 [DiscoveryClient-HeartbeatExecutor-%d] DEBUG o.s.web.client.RestTemplate - HTTP PUT http://localhost:8761/eureka/apps/AUTH-SERVICE/DESKTOP-I56EJUR:auth-service:8086?status=UP&lastDirtyTimestamp=1774624619938
2026-03-28 01:37:32 [DiscoveryClient-HeartbeatExecutor-%d] DEBUG o.s.web.client.RestTemplate - Accept=[application/json, application/*+json]
2026-03-28 01:37:32 [DiscoveryClient-CacheRefreshExecutor-%d] DEBUG o.s.web.client.RestTemplate - HTTP GET http://localhost:8761/eureka/apps/delta
2026-03-28 01:37:32 [DiscoveryClient-CacheRefreshExecutor-%d] DEBUG o.s.web.client.RestTemplate - Accept=[application/json, application/*+json]
2026-03-28 01:37:32 [DiscoveryClient-HeartbeatExecutor-%d] DEBUG o.s.web.client.RestTemplate - Response 200 OK
2026-03-28 01:37:32 [DiscoveryClient-CacheRefreshExecutor-%d] DEBUG o.s.web.client.RestTemplate - Response 200 OK
2026-03-28 01:37:32 [DiscoveryClient-CacheRefreshExecutor-%d] DEBUG o.s.web.client.RestTemplate - Reading to [org.springframework.cloud.netflix.eureka.http.EurekaApplications]
2026-03-28 01:38:02 [DiscoveryClient-HeartbeatExecutor-%d] DEBUG o.s.web.client.RestTemplate - HTTP PUT http://localhost:8761/eureka/apps/AUTH-SERVICE/DESKTOP-I56EJUR:auth-service:8086?status=UP&lastDirtyTimestamp=1774624619938
2026-03-28 01:38:02 [DiscoveryClient-HeartbeatExecutor-%d] DEBUG o.s.web.client.RestTemplate - Accept=[application/json, application/*+json]
2026-03-28 01:38:02 [DiscoveryClient-HeartbeatExecutor-%d] DEBUG o.s.web.client.RestTemplate - Response 200 OK
2026-03-28 01:38:02 [DiscoveryClient-CacheRefreshExecutor-%d] DEBUG o.s.web.client.RestTemplate - HTTP GET http://localhost:8761/eureka/apps/delta
2026-03-28 01:38:02 [DiscoveryClient-CacheRefreshExecutor-%d] DEBUG o.s.web.client.RestTemplate - Accept=[application/json, application/*+json]
2026-03-28 01:38:02 [DiscoveryClient-CacheRefreshExecutor-%d] DEBUG o.s.web.client.RestTemplate - Response 200 OK
2026-03-28 01:38:02 [DiscoveryClient-CacheRefreshExecutor-%d] DEBUG o.s.web.client.RestTemplate - Reading to [org.springframework.cloud.netflix.eureka.http.EurekaApplications]
2026-03-28 01:38:32 [DiscoveryClient-HeartbeatExecutor-%d] DEBUG o.s.web.client.RestTemplate - HTTP PUT http://localhost:8761/eureka/apps/AUTH-SERVICE/DESKTOP-I56EJUR:auth-service:8086?status=UP&lastDirtyTimestamp=1774624619938
2026-03-28 01:38:32 [DiscoveryClient-HeartbeatExecutor-%d] DEBUG o.s.web.client.RestTemplate - Accept=[application/json, application/*+json]
2026-03-28 01:38:32 [DiscoveryClient-CacheRefreshExecutor-%d] DEBUG o.s.web.client.RestTemplate - HTTP GET http://localhost:8761/eureka/apps/delta
2026-03-28 01:38:32 [DiscoveryClient-CacheRefreshExecutor-%d] DEBUG o.s.web.client.RestTemplate - Accept=[application/json, application/*+json]
2026-03-28 01:38:32 [DiscoveryClient-HeartbeatExecutor-%d] DEBUG o.s.web.client.RestTemplate - Response 200 OK
2026-03-28 01:38:32 [DiscoveryClient-CacheRefreshExecutor-%d] DEBUG o.s.web.client.RestTemplate - Response 200 OK
2026-03-28 01:38:32 [DiscoveryClient-CacheRefreshExecutor-%d] DEBUG o.s.web.client.RestTemplate - Reading to [org.springframework.cloud.netflix.eureka.http.EurekaApplications]
2026-03-28 01:39:02 [DiscoveryClient-HeartbeatExecutor-%d] DEBUG o.s.web.client.RestTemplate - HTTP PUT http://localhost:8761/eureka/apps/AUTH-SERVICE/DESKTOP-I56EJUR:auth-service:8086?status=UP&lastDirtyTimestamp=1774624619938
2026-03-28 01:39:02 [DiscoveryClient-HeartbeatExecutor-%d] DEBUG o.s.web.client.RestTemplate - Accept=[application/json, application/*+json]
2026-03-28 01:39:02 [DiscoveryClient-CacheRefreshExecutor-%d] DEBUG o.s.web.client.RestTemplate - HTTP GET http://localhost:8761/eureka/apps/delta
2026-03-28 01:39:02 [DiscoveryClient-CacheRefreshExecutor-%d] DEBUG o.s.web.client.RestTemplate - Accept=[application/json, application/*+json]
2026-03-28 01:39:02 [DiscoveryClient-HeartbeatExecutor-%d] DEBUG o.s.web.client.RestTemplate - Response 200 OK
2026-03-28 01:39:02 [DiscoveryClient-CacheRefreshExecutor-%d] DEBUG o.s.web.client.RestTemplate - Response 200 OK
2026-03-28 01:39:02 [DiscoveryClient-CacheRefreshExecutor-%d] DEBUG o.s.web.client.RestTemplate - Reading to [org.springframework.cloud.netflix.eureka.http.EurekaApplications]
2026-03-28 01:39:23 [AsyncResolver-bootstrap-executor-%d] INFO  c.n.d.s.r.aws.ConfigClusterResolver - Resolving eureka endpoints via configuration
2026-03-28 01:39:32 [DiscoveryClient-HeartbeatExecutor-%d] DEBUG o.s.web.client.RestTemplate - HTTP PUT http://localhost:8761/eureka/apps/AUTH-SERVICE/DESKTOP-I56EJUR:auth-service:8086?status=UP&lastDirtyTimestamp=1774624619938
2026-03-28 01:39:32 [DiscoveryClient-HeartbeatExecutor-%d] DEBUG o.s.web.client.RestTemplate - Accept=[application/json, application/*+json]
2026-03-28 01:39:32 [DiscoveryClient-CacheRefreshExecutor-%d] DEBUG o.s.web.client.RestTemplate - HTTP GET http://localhost:8761/eureka/apps/delta
2026-03-28 01:39:32 [DiscoveryClient-CacheRefreshExecutor-%d] DEBUG o.s.web.client.RestTemplate - Accept=[application/json, application/*+json]
2026-03-28 01:39:32 [DiscoveryClient-HeartbeatExecutor-%d] DEBUG o.s.web.client.RestTemplate - Response 200 OK
2026-03-28 01:39:32 [DiscoveryClient-CacheRefreshExecutor-%d] DEBUG o.s.web.client.RestTemplate - Response 200 OK
2026-03-28 01:39:32 [DiscoveryClient-CacheRefreshExecutor-%d] DEBUG o.s.web.client.RestTemplate - Reading to [org.springframework.cloud.netflix.eureka.http.EurekaApplications]
2026-03-28 01:40:02 [DiscoveryClient-HeartbeatExecutor-%d] DEBUG o.s.web.client.RestTemplate - HTTP PUT http://localhost:8761/eureka/apps/AUTH-SERVICE/DESKTOP-I56EJUR:auth-service:8086?status=UP&lastDirtyTimestamp=1774624619938
2026-03-28 01:40:02 [DiscoveryClient-HeartbeatExecutor-%d] DEBUG o.s.web.client.RestTemplate - Accept=[application/json, application/*+json]
2026-03-28 01:40:02 [DiscoveryClient-CacheRefreshExecutor-%d] DEBUG o.s.web.client.RestTemplate - HTTP GET http://localhost:8761/eureka/apps/delta
2026-03-28 01:40:02 [DiscoveryClient-CacheRefreshExecutor-%d] DEBUG o.s.web.client.RestTemplate - Accept=[application/json, application/*+json]
2026-03-28 01:40:02 [DiscoveryClient-HeartbeatExecutor-%d] DEBUG o.s.web.client.RestTemplate - Response 200 OK
2026-03-28 01:40:02 [DiscoveryClient-CacheRefreshExecutor-%d] DEBUG o.s.web.client.RestTemplate - Response 200 OK
2026-03-28 01:40:02 [DiscoveryClient-CacheRefreshExecutor-%d] DEBUG o.s.web.client.RestTemplate - Reading to [org.springframework.cloud.netflix.eureka.http.EurekaApplications]
2026-03-28 01:40:32 [DiscoveryClient-HeartbeatExecutor-%d] DEBUG o.s.web.client.RestTemplate - HTTP PUT http://localhost:8761/eureka/apps/AUTH-SERVICE/DESKTOP-I56EJUR:auth-service:8086?status=UP&lastDirtyTimestamp=1774624619938
2026-03-28 01:40:32 [DiscoveryClient-HeartbeatExecutor-%d] DEBUG o.s.web.client.RestTemplate - Accept=[application/json, application/*+json]
2026-03-28 01:40:32 [DiscoveryClient-CacheRefreshExecutor-%d] DEBUG o.s.web.client.RestTemplate - HTTP GET http://localhost:8761/eureka/apps/delta
2026-03-28 01:40:32 [DiscoveryClient-CacheRefreshExecutor-%d] DEBUG o.s.web.client.RestTemplate - Accept=[application/json, application/*+json]
2026-03-28 01:40:32 [DiscoveryClient-HeartbeatExecutor-%d] DEBUG o.s.web.client.RestTemplate - Response 200 OK
2026-03-28 01:40:32 [DiscoveryClient-CacheRefreshExecutor-%d] DEBUG o.s.web.client.RestTemplate - Response 200 OK
2026-03-28 01:40:32 [DiscoveryClient-CacheRefreshExecutor-%d] DEBUG o.s.web.client.RestTemplate - Reading to [org.springframework.cloud.netflix.eureka.http.EurekaApplications]
2026-03-28 01:41:02 [DiscoveryClient-HeartbeatExecutor-%d] DEBUG o.s.web.client.RestTemplate - HTTP PUT http://localhost:8761/eureka/apps/AUTH-SERVICE/DESKTOP-I56EJUR:auth-service:8086?status=UP&lastDirtyTimestamp=1774624619938
2026-03-28 01:41:02 [DiscoveryClient-HeartbeatExecutor-%d] DEBUG o.s.web.client.RestTemplate - Accept=[application/json, application/*+json]
2026-03-28 01:41:02 [DiscoveryClient-CacheRefreshExecutor-%d] DEBUG o.s.web.client.RestTemplate - HTTP GET http://localhost:8761/eureka/apps/delta
2026-03-28 01:41:02 [DiscoveryClient-CacheRefreshExecutor-%d] DEBUG o.s.web.client.RestTemplate - Accept=[application/json, application/*+json]
2026-03-28 01:41:02 [DiscoveryClient-HeartbeatExecutor-%d] DEBUG o.s.web.client.RestTemplate - Response 200 OK
2026-03-28 01:41:02 [DiscoveryClient-CacheRefreshExecutor-%d] DEBUG o.s.web.client.RestTemplate - Response 200 OK
2026-03-28 01:41:02 [DiscoveryClient-CacheRefreshExecutor-%d] DEBUG o.s.web.client.RestTemplate - Reading to [org.springframework.cloud.netflix.eureka.http.EurekaApplications]
2026-03-28 01:41:32 [DiscoveryClient-HeartbeatExecutor-%d] DEBUG o.s.web.client.RestTemplate - HTTP PUT http://localhost:8761/eureka/apps/AUTH-SERVICE/DESKTOP-I56EJUR:auth-service:8086?status=UP&lastDirtyTimestamp=1774624619938
2026-03-28 01:41:32 [DiscoveryClient-HeartbeatExecutor-%d] DEBUG o.s.web.client.RestTemplate - Accept=[application/json, application/*+json]
2026-03-28 01:41:32 [DiscoveryClient-CacheRefreshExecutor-%d] DEBUG o.s.web.client.RestTemplate - HTTP GET http://localhost:8761/eureka/apps/delta
2026-03-28 01:41:32 [DiscoveryClient-CacheRefreshExecutor-%d] DEBUG o.s.web.client.RestTemplate - Accept=[application/json, application/*+json]
2026-03-28 01:41:32 [DiscoveryClient-HeartbeatExecutor-%d] DEBUG o.s.web.client.RestTemplate - Response 200 OK
2026-03-28 01:41:32 [DiscoveryClient-CacheRefreshExecutor-%d] DEBUG o.s.web.client.RestTemplate - Response 200 OK
2026-03-28 01:41:32 [DiscoveryClient-CacheRefreshExecutor-%d] DEBUG o.s.web.client.RestTemplate - Reading to [org.springframework.cloud.netflix.eureka.http.EurekaApplications]
2026-03-28 01:42:02 [DiscoveryClient-HeartbeatExecutor-%d] DEBUG o.s.web.client.RestTemplate - HTTP PUT http://localhost:8761/eureka/apps/AUTH-SERVICE/DESKTOP-I56EJUR:auth-service:8086?status=UP&lastDirtyTimestamp=1774624619938
2026-03-28 01:42:02 [DiscoveryClient-HeartbeatExecutor-%d] DEBUG o.s.web.client.RestTemplate - Accept=[application/json, application/*+json]
2026-03-28 01:42:02 [DiscoveryClient-CacheRefreshExecutor-%d] DEBUG o.s.web.client.RestTemplate - HTTP GET http://localhost:8761/eureka/apps/delta
2026-03-28 01:42:02 [DiscoveryClient-CacheRefreshExecutor-%d] DEBUG o.s.web.client.RestTemplate - Accept=[application/json, application/*+json]
2026-03-28 01:42:02 [DiscoveryClient-HeartbeatExecutor-%d] DEBUG o.s.web.client.RestTemplate - Response 200 OK
2026-03-28 01:42:02 [DiscoveryClient-CacheRefreshExecutor-%d] DEBUG o.s.web.client.RestTemplate - Response 200 OK
2026-03-28 01:42:02 [DiscoveryClient-CacheRefreshExecutor-%d] DEBUG o.s.web.client.RestTemplate - Reading to [org.springframework.cloud.netflix.eureka.http.EurekaApplications]
2026-03-28 01:42:32 [DiscoveryClient-HeartbeatExecutor-%d] DEBUG o.s.web.client.RestTemplate - HTTP PUT http://localhost:8761/eureka/apps/AUTH-SERVICE/DESKTOP-I56EJUR:auth-service:8086?status=UP&lastDirtyTimestamp=1774624619938
2026-03-28 01:42:32 [DiscoveryClient-HeartbeatExecutor-%d] DEBUG o.s.web.client.RestTemplate - Accept=[application/json, application/*+json]
2026-03-28 01:42:32 [DiscoveryClient-HeartbeatExecutor-%d] DEBUG o.s.web.client.RestTemplate - Response 200 OK
2026-03-28 01:42:32 [DiscoveryClient-CacheRefreshExecutor-%d] DEBUG o.s.web.client.RestTemplate - HTTP GET http://localhost:8761/eureka/apps/delta
2026-03-28 01:42:32 [DiscoveryClient-CacheRefreshExecutor-%d] DEBUG o.s.web.client.RestTemplate - Accept=[application/json, application/*+json]
2026-03-28 01:42:32 [DiscoveryClient-CacheRefreshExecutor-%d] DEBUG o.s.web.client.RestTemplate - Response 200 OK
2026-03-28 01:42:32 [DiscoveryClient-CacheRefreshExecutor-%d] DEBUG o.s.web.client.RestTemplate - Reading to [org.springframework.cloud.netflix.eureka.http.EurekaApplications]
2026-03-28 01:43:02 [DiscoveryClient-HeartbeatExecutor-%d] DEBUG o.s.web.client.RestTemplate - HTTP PUT http://localhost:8761/eureka/apps/AUTH-SERVICE/DESKTOP-I56EJUR:auth-service:8086?status=UP&lastDirtyTimestamp=1774624619938
2026-03-28 01:43:02 [DiscoveryClient-HeartbeatExecutor-%d] DEBUG o.s.web.client.RestTemplate - Accept=[application/json, application/*+json]
2026-03-28 01:43:02 [DiscoveryClient-HeartbeatExecutor-%d] DEBUG o.s.web.client.RestTemplate - Response 200 OK
2026-03-28 01:43:02 [DiscoveryClient-CacheRefreshExecutor-%d] DEBUG o.s.web.client.RestTemplate - HTTP GET http://localhost:8761/eureka/apps/delta
2026-03-28 01:43:02 [DiscoveryClient-CacheRefreshExecutor-%d] DEBUG o.s.web.client.RestTemplate - Accept=[application/json, application/*+json]
2026-03-28 01:43:02 [DiscoveryClient-CacheRefreshExecutor-%d] DEBUG o.s.web.client.RestTemplate - Response 200 OK
2026-03-28 01:43:02 [DiscoveryClient-CacheRefreshExecutor-%d] DEBUG o.s.web.client.RestTemplate - Reading to [org.springframework.cloud.netflix.eureka.http.EurekaApplications]
2026-03-28 01:43:32 [DiscoveryClient-HeartbeatExecutor-%d] DEBUG o.s.web.client.RestTemplate - HTTP PUT http://localhost:8761/eureka/apps/AUTH-SERVICE/DESKTOP-I56EJUR:auth-service:8086?status=UP&lastDirtyTimestamp=1774624619938
2026-03-28 01:43:32 [DiscoveryClient-HeartbeatExecutor-%d] DEBUG o.s.web.client.RestTemplate - Accept=[application/json, application/*+json]
2026-03-28 01:43:32 [DiscoveryClient-HeartbeatExecutor-%d] DEBUG o.s.web.client.RestTemplate - Response 200 OK
2026-03-28 01:43:32 [DiscoveryClient-CacheRefreshExecutor-%d] DEBUG o.s.web.client.RestTemplate - HTTP GET http://localhost:8761/eureka/apps/delta
2026-03-28 01:43:32 [DiscoveryClient-CacheRefreshExecutor-%d] DEBUG o.s.web.client.RestTemplate - Accept=[application/json, application/*+json]
2026-03-28 01:43:32 [DiscoveryClient-CacheRefreshExecutor-%d] DEBUG o.s.web.client.RestTemplate - Response 200 OK
2026-03-28 01:43:32 [DiscoveryClient-CacheRefreshExecutor-%d] DEBUG o.s.web.client.RestTemplate - Reading to [org.springframework.cloud.netflix.eureka.http.EurekaApplications]
2026-03-28 01:44:02 [DiscoveryClient-HeartbeatExecutor-%d] DEBUG o.s.web.client.RestTemplate - HTTP PUT http://localhost:8761/eureka/apps/AUTH-SERVICE/DESKTOP-I56EJUR:auth-service:8086?status=UP&lastDirtyTimestamp=1774624619938
2026-03-28 01:44:02 [DiscoveryClient-HeartbeatExecutor-%d] DEBUG o.s.web.client.RestTemplate - Accept=[application/json, application/*+json]
2026-03-28 01:44:02 [DiscoveryClient-HeartbeatExecutor-%d] DEBUG o.s.web.client.RestTemplate - Response 200 OK
2026-03-28 01:44:02 [DiscoveryClient-CacheRefreshExecutor-%d] DEBUG o.s.web.client.RestTemplate - HTTP GET http://localhost:8761/eureka/apps/delta
2026-03-28 01:44:02 [DiscoveryClient-CacheRefreshExecutor-%d] DEBUG o.s.web.client.RestTemplate - Accept=[application/json, application/*+json]
2026-03-28 01:44:02 [DiscoveryClient-CacheRefreshExecutor-%d] DEBUG o.s.web.client.RestTemplate - Response 200 OK
2026-03-28 01:44:02 [DiscoveryClient-CacheRefreshExecutor-%d] DEBUG o.s.web.client.RestTemplate - Reading to [org.springframework.cloud.netflix.eureka.http.EurekaApplications]
2026-03-28 01:44:23 [AsyncResolver-bootstrap-executor-%d] INFO  c.n.d.s.r.aws.ConfigClusterResolver - Resolving eureka endpoints via configuration
2026-03-28 01:44:32 [DiscoveryClient-HeartbeatExecutor-%d] DEBUG o.s.web.client.RestTemplate - HTTP PUT http://localhost:8761/eureka/apps/AUTH-SERVICE/DESKTOP-I56EJUR:auth-service:8086?status=UP&lastDirtyTimestamp=1774624619938
2026-03-28 01:44:32 [DiscoveryClient-HeartbeatExecutor-%d] DEBUG o.s.web.client.RestTemplate - Accept=[application/json, application/*+json]
2026-03-28 01:44:32 [DiscoveryClient-HeartbeatExecutor-%d] DEBUG o.s.web.client.RestTemplate - Response 200 OK
2026-03-28 01:44:32 [DiscoveryClient-CacheRefreshExecutor-%d] DEBUG o.s.web.client.RestTemplate - HTTP GET http://localhost:8761/eureka/apps/delta
2026-03-28 01:44:32 [DiscoveryClient-CacheRefreshExecutor-%d] DEBUG o.s.web.client.RestTemplate - Accept=[application/json, application/*+json]
2026-03-28 01:44:32 [DiscoveryClient-CacheRefreshExecutor-%d] DEBUG o.s.web.client.RestTemplate - Response 200 OK
2026-03-28 01:44:32 [DiscoveryClient-CacheRefreshExecutor-%d] DEBUG o.s.web.client.RestTemplate - Reading to [org.springframework.cloud.netflix.eureka.http.EurekaApplications]
2026-03-28 01:45:02 [DiscoveryClient-HeartbeatExecutor-%d] DEBUG o.s.web.client.RestTemplate - HTTP PUT http://localhost:8761/eureka/apps/AUTH-SERVICE/DESKTOP-I56EJUR:auth-service:8086?status=UP&lastDirtyTimestamp=1774624619938
2026-03-28 01:45:02 [DiscoveryClient-HeartbeatExecutor-%d] DEBUG o.s.web.client.RestTemplate - Accept=[application/json, application/*+json]
2026-03-28 01:45:02 [DiscoveryClient-HeartbeatExecutor-%d] DEBUG o.s.web.client.RestTemplate - Response 200 OK
2026-03-28 01:45:02 [DiscoveryClient-CacheRefreshExecutor-%d] DEBUG o.s.web.client.RestTemplate - HTTP GET http://localhost:8761/eureka/apps/delta
2026-03-28 01:45:02 [DiscoveryClient-CacheRefreshExecutor-%d] DEBUG o.s.web.client.RestTemplate - Accept=[application/json, application/*+json]
2026-03-28 01:45:02 [DiscoveryClient-CacheRefreshExecutor-%d] DEBUG o.s.web.client.RestTemplate - Response 200 OK
2026-03-28 01:45:02 [DiscoveryClient-CacheRefreshExecutor-%d] DEBUG o.s.web.client.RestTemplate - Reading to [org.springframework.cloud.netflix.eureka.http.EurekaApplications]
2026-03-28 01:45:32 [DiscoveryClient-HeartbeatExecutor-%d] DEBUG o.s.web.client.RestTemplate - HTTP PUT http://localhost:8761/eureka/apps/AUTH-SERVICE/DESKTOP-I56EJUR:auth-service:8086?status=UP&lastDirtyTimestamp=1774624619938
2026-03-28 01:45:32 [DiscoveryClient-HeartbeatExecutor-%d] DEBUG o.s.web.client.RestTemplate - Accept=[application/json, application/*+json]
2026-03-28 01:45:32 [DiscoveryClient-HeartbeatExecutor-%d] DEBUG o.s.web.client.RestTemplate - Response 200 OK
2026-03-28 01:45:32 [DiscoveryClient-CacheRefreshExecutor-%d] DEBUG o.s.web.client.RestTemplate - HTTP GET http://localhost:8761/eureka/apps/delta
2026-03-28 01:45:32 [DiscoveryClient-CacheRefreshExecutor-%d] DEBUG o.s.web.client.RestTemplate - Accept=[application/json, application/*+json]
2026-03-28 01:45:32 [DiscoveryClient-CacheRefreshExecutor-%d] DEBUG o.s.web.client.RestTemplate - Response 200 OK
2026-03-28 01:45:32 [DiscoveryClient-CacheRefreshExecutor-%d] DEBUG o.s.web.client.RestTemplate - Reading to [org.springframework.cloud.netflix.eureka.http.EurekaApplications]
2026-03-28 01:46:02 [DiscoveryClient-HeartbeatExecutor-%d] DEBUG o.s.web.client.RestTemplate - HTTP PUT http://localhost:8761/eureka/apps/AUTH-SERVICE/DESKTOP-I56EJUR:auth-service:8086?status=UP&lastDirtyTimestamp=1774624619938
2026-03-28 01:46:02 [DiscoveryClient-HeartbeatExecutor-%d] DEBUG o.s.web.client.RestTemplate - Accept=[application/json, application/*+json]
2026-03-28 01:46:02 [DiscoveryClient-HeartbeatExecutor-%d] DEBUG o.s.web.client.RestTemplate - Response 200 OK
2026-03-28 01:46:02 [DiscoveryClient-CacheRefreshExecutor-%d] DEBUG o.s.web.client.RestTemplate - HTTP GET http://localhost:8761/eureka/apps/delta
2026-03-28 01:46:02 [DiscoveryClient-CacheRefreshExecutor-%d] DEBUG o.s.web.client.RestTemplate - Accept=[application/json, application/*+json]
2026-03-28 01:46:02 [DiscoveryClient-CacheRefreshExecutor-%d] DEBUG o.s.web.client.RestTemplate - Response 200 OK
2026-03-28 01:46:02 [DiscoveryClient-CacheRefreshExecutor-%d] DEBUG o.s.web.client.RestTemplate - Reading to [org.springframework.cloud.netflix.eureka.http.EurekaApplications]
2026-03-28 01:46:32 [DiscoveryClient-HeartbeatExecutor-%d] DEBUG o.s.web.client.RestTemplate - HTTP PUT http://localhost:8761/eureka/apps/AUTH-SERVICE/DESKTOP-I56EJUR:auth-service:8086?status=UP&lastDirtyTimestamp=1774624619938
2026-03-28 01:46:32 [DiscoveryClient-HeartbeatExecutor-%d] DEBUG o.s.web.client.RestTemplate - Accept=[application/json, application/*+json]
2026-03-28 01:46:32 [DiscoveryClient-CacheRefreshExecutor-%d] DEBUG o.s.web.client.RestTemplate - HTTP GET http://localhost:8761/eureka/apps/delta
2026-03-28 01:46:32 [DiscoveryClient-CacheRefreshExecutor-%d] DEBUG o.s.web.client.RestTemplate - Accept=[application/json, application/*+json]
2026-03-28 01:46:32 [DiscoveryClient-HeartbeatExecutor-%d] DEBUG o.s.web.client.RestTemplate - Response 200 OK
2026-03-28 01:46:32 [DiscoveryClient-CacheRefreshExecutor-%d] DEBUG o.s.web.client.RestTemplate - Response 200 OK
2026-03-28 01:46:32 [DiscoveryClient-CacheRefreshExecutor-%d] DEBUG o.s.web.client.RestTemplate - Reading to [org.springframework.cloud.netflix.eureka.http.EurekaApplications]
2026-03-28 01:47:02 [DiscoveryClient-HeartbeatExecutor-%d] DEBUG o.s.web.client.RestTemplate - HTTP PUT http://localhost:8761/eureka/apps/AUTH-SERVICE/DESKTOP-I56EJUR:auth-service:8086?status=UP&lastDirtyTimestamp=1774624619938
2026-03-28 01:47:02 [DiscoveryClient-CacheRefreshExecutor-%d] DEBUG o.s.web.client.RestTemplate - HTTP GET http://localhost:8761/eureka/apps/delta
2026-03-28 01:47:02 [DiscoveryClient-CacheRefreshExecutor-%d] DEBUG o.s.web.client.RestTemplate - Accept=[application/json, application/*+json]
2026-03-28 01:47:02 [DiscoveryClient-HeartbeatExecutor-%d] DEBUG o.s.web.client.RestTemplate - Accept=[application/json, application/*+json]
2026-03-28 01:47:02 [DiscoveryClient-HeartbeatExecutor-%d] DEBUG o.s.web.client.RestTemplate - Response 200 OK
2026-03-28 01:47:02 [DiscoveryClient-CacheRefreshExecutor-%d] DEBUG o.s.web.client.RestTemplate - Response 200 OK
2026-03-28 01:47:02 [DiscoveryClient-CacheRefreshExecutor-%d] DEBUG o.s.web.client.RestTemplate - Reading to [org.springframework.cloud.netflix.eureka.http.EurekaApplications]
2026-03-28 01:47:32 [DiscoveryClient-HeartbeatExecutor-%d] DEBUG o.s.web.client.RestTemplate - HTTP PUT http://localhost:8761/eureka/apps/AUTH-SERVICE/DESKTOP-I56EJUR:auth-service:8086?status=UP&lastDirtyTimestamp=1774624619938
2026-03-28 01:47:32 [DiscoveryClient-CacheRefreshExecutor-%d] DEBUG o.s.web.client.RestTemplate - HTTP GET http://localhost:8761/eureka/apps/delta
2026-03-28 01:47:32 [DiscoveryClient-CacheRefreshExecutor-%d] DEBUG o.s.web.client.RestTemplate - Accept=[application/json, application/*+json]
2026-03-28 01:47:32 [DiscoveryClient-HeartbeatExecutor-%d] DEBUG o.s.web.client.RestTemplate - Accept=[application/json, application/*+json]
2026-03-28 01:47:32 [DiscoveryClient-HeartbeatExecutor-%d] DEBUG o.s.web.client.RestTemplate - Response 200 OK
2026-03-28 01:47:32 [DiscoveryClient-CacheRefreshExecutor-%d] DEBUG o.s.web.client.RestTemplate - Response 200 OK
2026-03-28 01:47:32 [DiscoveryClient-CacheRefreshExecutor-%d] DEBUG o.s.web.client.RestTemplate - Reading to [org.springframework.cloud.netflix.eureka.http.EurekaApplications]
2026-03-28 01:48:02 [DiscoveryClient-CacheRefreshExecutor-%d] DEBUG o.s.web.client.RestTemplate - HTTP GET http://localhost:8761/eureka/apps/delta
2026-03-28 01:48:02 [DiscoveryClient-CacheRefreshExecutor-%d] DEBUG o.s.web.client.RestTemplate - Accept=[application/json, application/*+json]
2026-03-28 01:48:02 [DiscoveryClient-HeartbeatExecutor-%d] DEBUG o.s.web.client.RestTemplate - HTTP PUT http://localhost:8761/eureka/apps/AUTH-SERVICE/DESKTOP-I56EJUR:auth-service:8086?status=UP&lastDirtyTimestamp=1774624619938
2026-03-28 01:48:02 [DiscoveryClient-CacheRefreshExecutor-%d] DEBUG o.s.web.client.RestTemplate - Response 200 OK
2026-03-28 01:48:02 [DiscoveryClient-CacheRefreshExecutor-%d] DEBUG o.s.web.client.RestTemplate - Reading to [org.springframework.cloud.netflix.eureka.http.EurekaApplications]
2026-03-28 01:48:02 [DiscoveryClient-HeartbeatExecutor-%d] DEBUG o.s.web.client.RestTemplate - Accept=[application/json, application/*+json]
2026-03-28 01:48:02 [DiscoveryClient-HeartbeatExecutor-%d] DEBUG o.s.web.client.RestTemplate - Response 200 OK
2026-03-28 01:48:32 [DiscoveryClient-HeartbeatExecutor-%d] DEBUG o.s.web.client.RestTemplate - HTTP PUT http://localhost:8761/eureka/apps/AUTH-SERVICE/DESKTOP-I56EJUR:auth-service:8086?status=UP&lastDirtyTimestamp=1774624619938
2026-03-28 01:48:32 [DiscoveryClient-CacheRefreshExecutor-%d] DEBUG o.s.web.client.RestTemplate - HTTP GET http://localhost:8761/eureka/apps/delta
2026-03-28 01:48:32 [DiscoveryClient-HeartbeatExecutor-%d] DEBUG o.s.web.client.RestTemplate - Accept=[application/json, application/*+json]
2026-03-28 01:48:32 [DiscoveryClient-CacheRefreshExecutor-%d] DEBUG o.s.web.client.RestTemplate - Accept=[application/json, application/*+json]
2026-03-28 01:48:32 [DiscoveryClient-CacheRefreshExecutor-%d] DEBUG o.s.web.client.RestTemplate - Response 200 OK
2026-03-28 01:48:32 [DiscoveryClient-CacheRefreshExecutor-%d] DEBUG o.s.web.client.RestTemplate - Reading to [org.springframework.cloud.netflix.eureka.http.EurekaApplications]
2026-03-28 01:48:32 [DiscoveryClient-HeartbeatExecutor-%d] DEBUG o.s.web.client.RestTemplate - Response 200 OK
2026-03-28 01:49:02 [DiscoveryClient-CacheRefreshExecutor-%d] DEBUG o.s.web.client.RestTemplate - HTTP GET http://localhost:8761/eureka/apps/delta
2026-03-28 01:49:02 [DiscoveryClient-CacheRefreshExecutor-%d] DEBUG o.s.web.client.RestTemplate - Accept=[application/json, application/*+json]
2026-03-28 01:49:02 [DiscoveryClient-HeartbeatExecutor-%d] DEBUG o.s.web.client.RestTemplate - HTTP PUT http://localhost:8761/eureka/apps/AUTH-SERVICE/DESKTOP-I56EJUR:auth-service:8086?status=UP&lastDirtyTimestamp=1774624619938
2026-03-28 01:49:02 [DiscoveryClient-HeartbeatExecutor-%d] DEBUG o.s.web.client.RestTemplate - Accept=[application/json, application/*+json]
2026-03-28 01:49:02 [DiscoveryClient-CacheRefreshExecutor-%d] DEBUG o.s.web.client.RestTemplate - Response 200 OK
2026-03-28 01:49:02 [DiscoveryClient-CacheRefreshExecutor-%d] DEBUG o.s.web.client.RestTemplate - Reading to [org.springframework.cloud.netflix.eureka.http.EurekaApplications]
2026-03-28 01:49:02 [DiscoveryClient-HeartbeatExecutor-%d] DEBUG o.s.web.client.RestTemplate - Response 200 OK
2026-03-28 01:49:23 [AsyncResolver-bootstrap-executor-%d] INFO  c.n.d.s.r.aws.ConfigClusterResolver - Resolving eureka endpoints via configuration
2026-03-28 01:49:32 [DiscoveryClient-CacheRefreshExecutor-%d] DEBUG o.s.web.client.RestTemplate - HTTP GET http://localhost:8761/eureka/apps/delta
2026-03-28 01:49:32 [DiscoveryClient-CacheRefreshExecutor-%d] DEBUG o.s.web.client.RestTemplate - Accept=[application/json, application/*+json]
2026-03-28 01:49:32 [DiscoveryClient-HeartbeatExecutor-%d] DEBUG o.s.web.client.RestTemplate - HTTP PUT http://localhost:8761/eureka/apps/AUTH-SERVICE/DESKTOP-I56EJUR:auth-service:8086?status=UP&lastDirtyTimestamp=1774624619938
2026-03-28 01:49:32 [DiscoveryClient-HeartbeatExecutor-%d] DEBUG o.s.web.client.RestTemplate - Accept=[application/json, application/*+json]
2026-03-28 01:49:32 [DiscoveryClient-CacheRefreshExecutor-%d] DEBUG o.s.web.client.RestTemplate - Response 200 OK
2026-03-28 01:49:32 [DiscoveryClient-CacheRefreshExecutor-%d] DEBUG o.s.web.client.RestTemplate - Reading to [org.springframework.cloud.netflix.eureka.http.EurekaApplications]
2026-03-28 01:49:32 [DiscoveryClient-HeartbeatExecutor-%d] DEBUG o.s.web.client.RestTemplate - Response 200 OK
2026-03-28 01:50:02 [DiscoveryClient-CacheRefreshExecutor-%d] DEBUG o.s.web.client.RestTemplate - HTTP GET http://localhost:8761/eureka/apps/delta
2026-03-28 01:50:02 [DiscoveryClient-HeartbeatExecutor-%d] DEBUG o.s.web.client.RestTemplate - HTTP PUT http://localhost:8761/eureka/apps/AUTH-SERVICE/DESKTOP-I56EJUR:auth-service:8086?status=UP&lastDirtyTimestamp=1774624619938
2026-03-28 01:50:02 [DiscoveryClient-HeartbeatExecutor-%d] DEBUG o.s.web.client.RestTemplate - Accept=[application/json, application/*+json]
2026-03-28 01:50:02 [DiscoveryClient-CacheRefreshExecutor-%d] DEBUG o.s.web.client.RestTemplate - Accept=[application/json, application/*+json]
2026-03-28 01:50:02 [DiscoveryClient-CacheRefreshExecutor-%d] DEBUG o.s.web.client.RestTemplate - Response 200 OK
2026-03-28 01:50:02 [DiscoveryClient-CacheRefreshExecutor-%d] DEBUG o.s.web.client.RestTemplate - Reading to [org.springframework.cloud.netflix.eureka.http.EurekaApplications]
2026-03-28 01:50:02 [DiscoveryClient-HeartbeatExecutor-%d] DEBUG o.s.web.client.RestTemplate - Response 200 OK
2026-03-28 01:50:32 [DiscoveryClient-HeartbeatExecutor-%d] DEBUG o.s.web.client.RestTemplate - HTTP PUT http://localhost:8761/eureka/apps/AUTH-SERVICE/DESKTOP-I56EJUR:auth-service:8086?status=UP&lastDirtyTimestamp=1774624619938
2026-03-28 01:50:32 [DiscoveryClient-HeartbeatExecutor-%d] DEBUG o.s.web.client.RestTemplate - Accept=[application/json, application/*+json]
2026-03-28 01:50:32 [DiscoveryClient-CacheRefreshExecutor-%d] DEBUG o.s.web.client.RestTemplate - HTTP GET http://localhost:8761/eureka/apps/delta
2026-03-28 01:50:32 [DiscoveryClient-CacheRefreshExecutor-%d] DEBUG o.s.web.client.RestTemplate - Accept=[application/json, application/*+json]
2026-03-28 01:50:32 [DiscoveryClient-HeartbeatExecutor-%d] DEBUG o.s.web.client.RestTemplate - Response 200 OK
2026-03-28 01:50:32 [DiscoveryClient-CacheRefreshExecutor-%d] DEBUG o.s.web.client.RestTemplate - Response 200 OK
2026-03-28 01:50:32 [DiscoveryClient-CacheRefreshExecutor-%d] DEBUG o.s.web.client.RestTemplate - Reading to [org.springframework.cloud.netflix.eureka.http.EurekaApplications]
2026-03-28 01:51:02 [DiscoveryClient-HeartbeatExecutor-%d] DEBUG o.s.web.client.RestTemplate - HTTP PUT http://localhost:8761/eureka/apps/AUTH-SERVICE/DESKTOP-I56EJUR:auth-service:8086?status=UP&lastDirtyTimestamp=1774624619938
2026-03-28 01:51:02 [DiscoveryClient-HeartbeatExecutor-%d] DEBUG o.s.web.client.RestTemplate - Accept=[application/json, application/*+json]
2026-03-28 01:51:02 [DiscoveryClient-CacheRefreshExecutor-%d] DEBUG o.s.web.client.RestTemplate - HTTP GET http://localhost:8761/eureka/apps/delta
2026-03-28 01:51:02 [DiscoveryClient-CacheRefreshExecutor-%d] DEBUG o.s.web.client.RestTemplate - Accept=[application/json, application/*+json]
2026-03-28 01:51:02 [DiscoveryClient-HeartbeatExecutor-%d] DEBUG o.s.web.client.RestTemplate - Response 200 OK
2026-03-28 01:51:02 [DiscoveryClient-CacheRefreshExecutor-%d] DEBUG o.s.web.client.RestTemplate - Response 200 OK
2026-03-28 01:51:02 [DiscoveryClient-CacheRefreshExecutor-%d] DEBUG o.s.web.client.RestTemplate - Reading to [org.springframework.cloud.netflix.eureka.http.EurekaApplications]
2026-03-28 01:51:32 [DiscoveryClient-HeartbeatExecutor-%d] DEBUG o.s.web.client.RestTemplate - HTTP PUT http://localhost:8761/eureka/apps/AUTH-SERVICE/DESKTOP-I56EJUR:auth-service:8086?status=UP&lastDirtyTimestamp=1774624619938
2026-03-28 01:51:32 [DiscoveryClient-HeartbeatExecutor-%d] DEBUG o.s.web.client.RestTemplate - Accept=[application/json, application/*+json]
2026-03-28 01:51:32 [DiscoveryClient-CacheRefreshExecutor-%d] DEBUG o.s.web.client.RestTemplate - HTTP GET http://localhost:8761/eureka/apps/delta
2026-03-28 01:51:32 [DiscoveryClient-CacheRefreshExecutor-%d] DEBUG o.s.web.client.RestTemplate - Accept=[application/json, application/*+json]
2026-03-28 01:51:32 [DiscoveryClient-HeartbeatExecutor-%d] DEBUG o.s.web.client.RestTemplate - Response 200 OK
2026-03-28 01:51:32 [DiscoveryClient-CacheRefreshExecutor-%d] DEBUG o.s.web.client.RestTemplate - Response 200 OK
2026-03-28 01:51:32 [DiscoveryClient-CacheRefreshExecutor-%d] DEBUG o.s.web.client.RestTemplate - Reading to [org.springframework.cloud.netflix.eureka.http.EurekaApplications]
2026-03-28 01:52:02 [DiscoveryClient-HeartbeatExecutor-%d] DEBUG o.s.web.client.RestTemplate - HTTP PUT http://localhost:8761/eureka/apps/AUTH-SERVICE/DESKTOP-I56EJUR:auth-service:8086?status=UP&lastDirtyTimestamp=1774624619938
2026-03-28 01:52:02 [DiscoveryClient-HeartbeatExecutor-%d] DEBUG o.s.web.client.RestTemplate - Accept=[application/json, application/*+json]
2026-03-28 01:52:02 [DiscoveryClient-CacheRefreshExecutor-%d] DEBUG o.s.web.client.RestTemplate - HTTP GET http://localhost:8761/eureka/apps/delta
2026-03-28 01:52:02 [DiscoveryClient-CacheRefreshExecutor-%d] DEBUG o.s.web.client.RestTemplate - Accept=[application/json, application/*+json]
2026-03-28 01:52:02 [DiscoveryClient-HeartbeatExecutor-%d] DEBUG o.s.web.client.RestTemplate - Response 200 OK
2026-03-28 01:52:02 [DiscoveryClient-CacheRefreshExecutor-%d] DEBUG o.s.web.client.RestTemplate - Response 200 OK
2026-03-28 01:52:02 [DiscoveryClient-CacheRefreshExecutor-%d] DEBUG o.s.web.client.RestTemplate - Reading to [org.springframework.cloud.netflix.eureka.http.EurekaApplications]
2026-03-28 01:52:32 [DiscoveryClient-HeartbeatExecutor-%d] DEBUG o.s.web.client.RestTemplate - HTTP PUT http://localhost:8761/eureka/apps/AUTH-SERVICE/DESKTOP-I56EJUR:auth-service:8086?status=UP&lastDirtyTimestamp=1774624619938
2026-03-28 01:52:32 [DiscoveryClient-HeartbeatExecutor-%d] DEBUG o.s.web.client.RestTemplate - Accept=[application/json, application/*+json]
2026-03-28 01:52:33 [DiscoveryClient-CacheRefreshExecutor-%d] DEBUG o.s.web.client.RestTemplate - HTTP GET http://localhost:8761/eureka/apps/delta
2026-03-28 01:52:33 [DiscoveryClient-CacheRefreshExecutor-%d] DEBUG o.s.web.client.RestTemplate - Accept=[application/json, application/*+json]
2026-03-28 01:52:33 [DiscoveryClient-HeartbeatExecutor-%d] DEBUG o.s.web.client.RestTemplate - Response 200 OK
2026-03-28 01:52:33 [DiscoveryClient-CacheRefreshExecutor-%d] DEBUG o.s.web.client.RestTemplate - Response 200 OK
2026-03-28 01:52:33 [DiscoveryClient-CacheRefreshExecutor-%d] DEBUG o.s.web.client.RestTemplate - Reading to [org.springframework.cloud.netflix.eureka.http.EurekaApplications]
2026-03-28 01:53:03 [DiscoveryClient-CacheRefreshExecutor-%d] DEBUG o.s.web.client.RestTemplate - HTTP GET http://localhost:8761/eureka/apps/delta
2026-03-28 01:53:03 [DiscoveryClient-HeartbeatExecutor-%d] DEBUG o.s.web.client.RestTemplate - HTTP PUT http://localhost:8761/eureka/apps/AUTH-SERVICE/DESKTOP-I56EJUR:auth-service:8086?status=UP&lastDirtyTimestamp=1774624619938
2026-03-28 01:53:03 [DiscoveryClient-CacheRefreshExecutor-%d] DEBUG o.s.web.client.RestTemplate - Accept=[application/json, application/*+json]
2026-03-28 01:53:03 [DiscoveryClient-HeartbeatExecutor-%d] DEBUG o.s.web.client.RestTemplate - Accept=[application/json, application/*+json]
2026-03-28 01:53:03 [DiscoveryClient-CacheRefreshExecutor-%d] DEBUG o.s.web.client.RestTemplate - Response 200 OK
2026-03-28 01:53:03 [DiscoveryClient-HeartbeatExecutor-%d] DEBUG o.s.web.client.RestTemplate - Response 200 OK
2026-03-28 01:53:03 [DiscoveryClient-CacheRefreshExecutor-%d] DEBUG o.s.web.client.RestTemplate - Reading to [org.springframework.cloud.netflix.eureka.http.EurekaApplications]
2026-03-28 01:53:33 [DiscoveryClient-HeartbeatExecutor-%d] DEBUG o.s.web.client.RestTemplate - HTTP PUT http://localhost:8761/eureka/apps/AUTH-SERVICE/DESKTOP-I56EJUR:auth-service:8086?status=UP&lastDirtyTimestamp=1774624619938
2026-03-28 01:53:33 [DiscoveryClient-CacheRefreshExecutor-%d] DEBUG o.s.web.client.RestTemplate - HTTP GET http://localhost:8761/eureka/apps/delta
2026-03-28 01:53:33 [DiscoveryClient-CacheRefreshExecutor-%d] DEBUG o.s.web.client.RestTemplate - Accept=[application/json, application/*+json]
2026-03-28 01:53:33 [DiscoveryClient-HeartbeatExecutor-%d] DEBUG o.s.web.client.RestTemplate - Accept=[application/json, application/*+json]
2026-03-28 01:53:33 [DiscoveryClient-HeartbeatExecutor-%d] DEBUG o.s.web.client.RestTemplate - Response 200 OK
2026-03-28 01:53:33 [DiscoveryClient-CacheRefreshExecutor-%d] DEBUG o.s.web.client.RestTemplate - Response 200 OK
2026-03-28 01:53:33 [DiscoveryClient-CacheRefreshExecutor-%d] DEBUG o.s.web.client.RestTemplate - Reading to [org.springframework.cloud.netflix.eureka.http.EurekaApplications]
2026-03-28 01:54:03 [DiscoveryClient-CacheRefreshExecutor-%d] DEBUG o.s.web.client.RestTemplate - HTTP GET http://localhost:8761/eureka/apps/delta
2026-03-28 01:54:03 [DiscoveryClient-HeartbeatExecutor-%d] DEBUG o.s.web.client.RestTemplate - HTTP PUT http://localhost:8761/eureka/apps/AUTH-SERVICE/DESKTOP-I56EJUR:auth-service:8086?status=UP&lastDirtyTimestamp=1774624619938
2026-03-28 01:54:03 [DiscoveryClient-CacheRefreshExecutor-%d] DEBUG o.s.web.client.RestTemplate - Accept=[application/json, application/*+json]
2026-03-28 01:54:03 [DiscoveryClient-HeartbeatExecutor-%d] DEBUG o.s.web.client.RestTemplate - Accept=[application/json, application/*+json]
2026-03-28 01:54:03 [DiscoveryClient-CacheRefreshExecutor-%d] DEBUG o.s.web.client.RestTemplate - Response 200 OK
2026-03-28 01:54:03 [DiscoveryClient-HeartbeatExecutor-%d] DEBUG o.s.web.client.RestTemplate - Response 200 OK
2026-03-28 01:54:03 [DiscoveryClient-CacheRefreshExecutor-%d] DEBUG o.s.web.client.RestTemplate - Reading to [org.springframework.cloud.netflix.eureka.http.EurekaApplications]
2026-03-28 01:54:23 [AsyncResolver-bootstrap-executor-%d] INFO  c.n.d.s.r.aws.ConfigClusterResolver - Resolving eureka endpoints via configuration
2026-03-28 01:54:33 [DiscoveryClient-CacheRefreshExecutor-%d] DEBUG o.s.web.client.RestTemplate - HTTP GET http://localhost:8761/eureka/apps/delta
2026-03-28 01:54:33 [DiscoveryClient-HeartbeatExecutor-%d] DEBUG o.s.web.client.RestTemplate - HTTP PUT http://localhost:8761/eureka/apps/AUTH-SERVICE/DESKTOP-I56EJUR:auth-service:8086?status=UP&lastDirtyTimestamp=1774624619938
2026-03-28 01:54:33 [DiscoveryClient-HeartbeatExecutor-%d] DEBUG o.s.web.client.RestTemplate - Accept=[application/json, application/*+json]
2026-03-28 01:54:33 [DiscoveryClient-CacheRefreshExecutor-%d] DEBUG o.s.web.client.RestTemplate - Accept=[application/json, application/*+json]
2026-03-28 01:54:33 [DiscoveryClient-HeartbeatExecutor-%d] DEBUG o.s.web.client.RestTemplate - Response 200 OK
2026-03-28 01:54:33 [DiscoveryClient-CacheRefreshExecutor-%d] DEBUG o.s.web.client.RestTemplate - Response 200 OK
2026-03-28 01:54:33 [DiscoveryClient-CacheRefreshExecutor-%d] DEBUG o.s.web.client.RestTemplate - Reading to [org.springframework.cloud.netflix.eureka.http.EurekaApplications]
2026-03-28 01:55:03 [DiscoveryClient-CacheRefreshExecutor-%d] DEBUG o.s.web.client.RestTemplate - HTTP GET http://localhost:8761/eureka/apps/delta
2026-03-28 01:55:03 [DiscoveryClient-CacheRefreshExecutor-%d] DEBUG o.s.web.client.RestTemplate - Accept=[application/json, application/*+json]
2026-03-28 01:55:03 [DiscoveryClient-HeartbeatExecutor-%d] DEBUG o.s.web.client.RestTemplate - HTTP PUT http://localhost:8761/eureka/apps/AUTH-SERVICE/DESKTOP-I56EJUR:auth-service:8086?status=UP&lastDirtyTimestamp=1774624619938
2026-03-28 01:55:03 [DiscoveryClient-HeartbeatExecutor-%d] DEBUG o.s.web.client.RestTemplate - Accept=[application/json, application/*+json]
2026-03-28 01:55:03 [DiscoveryClient-CacheRefreshExecutor-%d] DEBUG o.s.web.client.RestTemplate - Response 200 OK
2026-03-28 01:55:03 [DiscoveryClient-HeartbeatExecutor-%d] DEBUG o.s.web.client.RestTemplate - Response 200 OK
2026-03-28 01:55:03 [DiscoveryClient-CacheRefreshExecutor-%d] DEBUG o.s.web.client.RestTemplate - Reading to [org.springframework.cloud.netflix.eureka.http.EurekaApplications]
2026-03-28 01:55:33 [DiscoveryClient-CacheRefreshExecutor-%d] DEBUG o.s.web.client.RestTemplate - HTTP GET http://localhost:8761/eureka/apps/delta
2026-03-28 01:55:33 [DiscoveryClient-HeartbeatExecutor-%d] DEBUG o.s.web.client.RestTemplate - HTTP PUT http://localhost:8761/eureka/apps/AUTH-SERVICE/DESKTOP-I56EJUR:auth-service:8086?status=UP&lastDirtyTimestamp=1774624619938
2026-03-28 01:55:33 [DiscoveryClient-HeartbeatExecutor-%d] DEBUG o.s.web.client.RestTemplate - Accept=[application/json, application/*+json]
2026-03-28 01:55:33 [DiscoveryClient-CacheRefreshExecutor-%d] DEBUG o.s.web.client.RestTemplate - Accept=[application/json, application/*+json]
2026-03-28 01:55:33 [DiscoveryClient-HeartbeatExecutor-%d] DEBUG o.s.web.client.RestTemplate - Response 200 OK
2026-03-28 01:55:33 [DiscoveryClient-CacheRefreshExecutor-%d] DEBUG o.s.web.client.RestTemplate - Response 200 OK
2026-03-28 01:55:33 [DiscoveryClient-CacheRefreshExecutor-%d] DEBUG o.s.web.client.RestTemplate - Reading to [org.springframework.cloud.netflix.eureka.http.EurekaApplications]
2026-03-28 01:56:03 [DiscoveryClient-HeartbeatExecutor-%d] DEBUG o.s.web.client.RestTemplate - HTTP PUT http://localhost:8761/eureka/apps/AUTH-SERVICE/DESKTOP-I56EJUR:auth-service:8086?status=UP&lastDirtyTimestamp=1774624619938
2026-03-28 01:56:03 [DiscoveryClient-HeartbeatExecutor-%d] DEBUG o.s.web.client.RestTemplate - Accept=[application/json, application/*+json]
2026-03-28 01:56:03 [DiscoveryClient-CacheRefreshExecutor-%d] DEBUG o.s.web.client.RestTemplate - HTTP GET http://localhost:8761/eureka/apps/delta
2026-03-28 01:56:03 [DiscoveryClient-CacheRefreshExecutor-%d] DEBUG o.s.web.client.RestTemplate - Accept=[application/json, application/*+json]
2026-03-28 01:56:03 [DiscoveryClient-HeartbeatExecutor-%d] DEBUG o.s.web.client.RestTemplate - Response 200 OK
2026-03-28 01:56:03 [DiscoveryClient-CacheRefreshExecutor-%d] DEBUG o.s.web.client.RestTemplate - Response 200 OK
2026-03-28 01:56:03 [DiscoveryClient-CacheRefreshExecutor-%d] DEBUG o.s.web.client.RestTemplate - Reading to [org.springframework.cloud.netflix.eureka.http.EurekaApplications]
2026-03-28 01:57:55 [DiscoveryClient-HeartbeatExecutor-%d] DEBUG o.s.web.client.RestTemplate - HTTP PUT http://localhost:8761/eureka/apps/AUTH-SERVICE/DESKTOP-I56EJUR:auth-service:8086?status=UP&lastDirtyTimestamp=1774624619938
2026-03-28 01:57:55 [DiscoveryClient-HeartbeatExecutor-%d] DEBUG o.s.web.client.RestTemplate - Accept=[application/json, application/*+json]
2026-03-28 01:57:55 [DiscoveryClient-CacheRefreshExecutor-%d] DEBUG o.s.web.client.RestTemplate - HTTP GET http://localhost:8761/eureka/apps/delta
2026-03-28 01:57:55 [DiscoveryClient-HeartbeatExecutor-%d] DEBUG o.s.web.client.RestTemplate - Response 200 OK
2026-03-28 01:57:55 [DiscoveryClient-CacheRefreshExecutor-%d] DEBUG o.s.web.client.RestTemplate - Accept=[application/json, application/*+json]
2026-03-28 01:57:55 [DiscoveryClient-CacheRefreshExecutor-%d] DEBUG o.s.web.client.RestTemplate - Response 200 OK
2026-03-28 01:57:55 [DiscoveryClient-CacheRefreshExecutor-%d] DEBUG o.s.web.client.RestTemplate - Reading to [org.springframework.cloud.netflix.eureka.http.EurekaApplications]
2026-03-28 08:37:15 [HikariPool-1 housekeeper] WARN  com.zaxxer.hikari.pool.HikariPool - HikariPool-1 - Thread starvation or clock leap detected (housekeeper delta=6h40m54s20ms155µs400ns).
2026-03-28 08:37:27 [DiscoveryClient-CacheRefreshExecutor-%d] DEBUG o.s.web.client.RestTemplate - HTTP GET http://localhost:8761/eureka/apps/delta
2026-03-28 08:37:27 [DiscoveryClient-HeartbeatExecutor-%d] DEBUG o.s.web.client.RestTemplate - HTTP PUT http://localhost:8761/eureka/apps/AUTH-SERVICE/DESKTOP-I56EJUR:auth-service:8086?status=UP&lastDirtyTimestamp=1774624619938
2026-03-28 08:37:27 [DiscoveryClient-CacheRefreshExecutor-%d] DEBUG o.s.web.client.RestTemplate - Accept=[application/json, application/*+json]
2026-03-28 08:37:27 [DiscoveryClient-HeartbeatExecutor-%d] DEBUG o.s.web.client.RestTemplate - Accept=[application/json, application/*+json]
2026-03-28 08:37:27 [DiscoveryClient-CacheRefreshExecutor-%d] DEBUG o.s.web.client.RestTemplate - Response 200 OK
2026-03-28 08:37:27 [DiscoveryClient-CacheRefreshExecutor-%d] DEBUG o.s.web.client.RestTemplate - Reading to [org.springframework.cloud.netflix.eureka.http.EurekaApplications]
2026-03-28 08:37:27 [DiscoveryClient-HeartbeatExecutor-%d] DEBUG o.s.web.client.RestTemplate - Response 200 OK
2026-03-28 08:37:57 [DiscoveryClient-HeartbeatExecutor-%d] DEBUG o.s.web.client.RestTemplate - HTTP PUT http://localhost:8761/eureka/apps/AUTH-SERVICE/DESKTOP-I56EJUR:auth-service:8086?status=UP&lastDirtyTimestamp=1774624619938
2026-03-28 08:37:57 [DiscoveryClient-CacheRefreshExecutor-%d] DEBUG o.s.web.client.RestTemplate - HTTP GET http://localhost:8761/eureka/apps/delta
2026-03-28 08:37:57 [DiscoveryClient-CacheRefreshExecutor-%d] DEBUG o.s.web.client.RestTemplate - Accept=[application/json, application/*+json]
2026-03-28 08:37:57 [DiscoveryClient-HeartbeatExecutor-%d] DEBUG o.s.web.client.RestTemplate - Accept=[application/json, application/*+json]
2026-03-28 08:37:57 [DiscoveryClient-CacheRefreshExecutor-%d] DEBUG o.s.web.client.RestTemplate - Response 200 OK
2026-03-28 08:37:57 [DiscoveryClient-CacheRefreshExecutor-%d] DEBUG o.s.web.client.RestTemplate - Reading to [org.springframework.cloud.netflix.eureka.http.EurekaApplications]
2026-03-28 08:37:57 [DiscoveryClient-HeartbeatExecutor-%d] DEBUG o.s.web.client.RestTemplate - Response 200 OK
2026-03-28 08:38:27 [DiscoveryClient-CacheRefreshExecutor-%d] DEBUG o.s.web.client.RestTemplate - HTTP GET http://localhost:8761/eureka/apps/delta
2026-03-28 08:38:27 [DiscoveryClient-HeartbeatExecutor-%d] DEBUG o.s.web.client.RestTemplate - HTTP PUT http://localhost:8761/eureka/apps/AUTH-SERVICE/DESKTOP-I56EJUR:auth-service:8086?status=UP&lastDirtyTimestamp=1774624619938
2026-03-28 08:38:27 [DiscoveryClient-HeartbeatExecutor-%d] DEBUG o.s.web.client.RestTemplate - Accept=[application/json, application/*+json]
2026-03-28 08:38:27 [DiscoveryClient-CacheRefreshExecutor-%d] DEBUG o.s.web.client.RestTemplate - Accept=[application/json, application/*+json]
2026-03-28 08:38:27 [DiscoveryClient-HeartbeatExecutor-%d] DEBUG o.s.web.client.RestTemplate - Response 200 OK
2026-03-28 08:38:27 [DiscoveryClient-CacheRefreshExecutor-%d] DEBUG o.s.web.client.RestTemplate - Response 200 OK
2026-03-28 08:38:27 [DiscoveryClient-CacheRefreshExecutor-%d] DEBUG o.s.web.client.RestTemplate - Reading to [org.springframework.cloud.netflix.eureka.http.EurekaApplications]
2026-03-28 08:38:57 [DiscoveryClient-CacheRefreshExecutor-%d] DEBUG o.s.web.client.RestTemplate - HTTP GET http://localhost:8761/eureka/apps/delta
2026-03-28 08:38:57 [DiscoveryClient-HeartbeatExecutor-%d] DEBUG o.s.web.client.RestTemplate - HTTP PUT http://localhost:8761/eureka/apps/AUTH-SERVICE/DESKTOP-I56EJUR:auth-service:8086?status=UP&lastDirtyTimestamp=1774624619938
2026-03-28 08:38:57 [DiscoveryClient-CacheRefreshExecutor-%d] DEBUG o.s.web.client.RestTemplate - Accept=[application/json, application/*+json]
2026-03-28 08:38:57 [DiscoveryClient-HeartbeatExecutor-%d] DEBUG o.s.web.client.RestTemplate - Accept=[application/json, application/*+json]
2026-03-28 08:38:57 [DiscoveryClient-CacheRefreshExecutor-%d] DEBUG o.s.web.client.RestTemplate - Response 200 OK
2026-03-28 08:38:57 [DiscoveryClient-HeartbeatExecutor-%d] DEBUG o.s.web.client.RestTemplate - Response 200 OK
2026-03-28 08:38:57 [DiscoveryClient-CacheRefreshExecutor-%d] DEBUG o.s.web.client.RestTemplate - Reading to [org.springframework.cloud.netflix.eureka.http.EurekaApplications]
2026-03-28 08:39:27 [DiscoveryClient-HeartbeatExecutor-%d] DEBUG o.s.web.client.RestTemplate - HTTP PUT http://localhost:8761/eureka/apps/AUTH-SERVICE/DESKTOP-I56EJUR:auth-service:8086?status=UP&lastDirtyTimestamp=1774624619938
2026-03-28 08:39:27 [DiscoveryClient-HeartbeatExecutor-%d] DEBUG o.s.web.client.RestTemplate - Accept=[application/json, application/*+json]
2026-03-28 08:39:27 [DiscoveryClient-CacheRefreshExecutor-%d] DEBUG o.s.web.client.RestTemplate - HTTP GET http://localhost:8761/eureka/apps/delta
2026-03-28 08:39:27 [DiscoveryClient-CacheRefreshExecutor-%d] DEBUG o.s.web.client.RestTemplate - Accept=[application/json, application/*+json]
2026-03-28 08:39:27 [DiscoveryClient-CacheRefreshExecutor-%d] DEBUG o.s.web.client.RestTemplate - Response 200 OK
2026-03-28 08:39:27 [DiscoveryClient-CacheRefreshExecutor-%d] DEBUG o.s.web.client.RestTemplate - Reading to [org.springframework.cloud.netflix.eureka.http.EurekaApplications]
2026-03-28 08:39:27 [DiscoveryClient-HeartbeatExecutor-%d] DEBUG o.s.web.client.RestTemplate - Response 200 OK
2026-03-28 08:39:47 [AsyncResolver-bootstrap-executor-%d] INFO  c.n.d.s.r.aws.ConfigClusterResolver - Resolving eureka endpoints via configuration
2026-03-28 08:39:57 [DiscoveryClient-CacheRefreshExecutor-%d] DEBUG o.s.web.client.RestTemplate - HTTP GET http://localhost:8761/eureka/apps/delta
2026-03-28 08:39:57 [DiscoveryClient-HeartbeatExecutor-%d] DEBUG o.s.web.client.RestTemplate - HTTP PUT http://localhost:8761/eureka/apps/AUTH-SERVICE/DESKTOP-I56EJUR:auth-service:8086?status=UP&lastDirtyTimestamp=1774624619938
2026-03-28 08:39:57 [DiscoveryClient-CacheRefreshExecutor-%d] DEBUG o.s.web.client.RestTemplate - Accept=[application/json, application/*+json]
2026-03-28 08:39:57 [DiscoveryClient-HeartbeatExecutor-%d] DEBUG o.s.web.client.RestTemplate - Accept=[application/json, application/*+json]
2026-03-28 08:39:57 [DiscoveryClient-CacheRefreshExecutor-%d] DEBUG o.s.web.client.RestTemplate - Response 200 OK
2026-03-28 08:39:57 [DiscoveryClient-CacheRefreshExecutor-%d] DEBUG o.s.web.client.RestTemplate - Reading to [org.springframework.cloud.netflix.eureka.http.EurekaApplications]
2026-03-28 08:39:57 [DiscoveryClient-HeartbeatExecutor-%d] DEBUG o.s.web.client.RestTemplate - Response 200 OK
2026-03-28 08:40:03 [SpringApplicationShutdownHook] INFO  o.s.c.n.e.s.EurekaServiceRegistry - Unregistering application AUTH-SERVICE with eureka with status DOWN
2026-03-28 08:40:03 [SpringApplicationShutdownHook] INFO  c.netflix.discovery.DiscoveryClient - Saw local status change event StatusChangeEvent [timestamp=1774667403561, current=DOWN, previous=UP]
2026-03-28 08:40:03 [DiscoveryClient-InstanceInfoReplicator-%d] INFO  c.netflix.discovery.DiscoveryClient - DiscoveryClient_AUTH-SERVICE/DESKTOP-I56EJUR:auth-service:8086: registering service...
2026-03-28 08:40:03 [DiscoveryClient-InstanceInfoReplicator-%d] DEBUG o.s.web.client.RestTemplate - HTTP POST http://localhost:8761/eureka/apps/AUTH-SERVICE
2026-03-28 08:40:03 [DiscoveryClient-InstanceInfoReplicator-%d] DEBUG o.s.web.client.RestTemplate - Accept=[application/json, application/*+json]
2026-03-28 08:40:03 [DiscoveryClient-InstanceInfoReplicator-%d] DEBUG o.s.web.client.RestTemplate - Writing [InstanceInfo [instanceId = DESKTOP-I56EJUR:auth-service:8086, appName = AUTH-SERVICE, hostName = 192.168.1.3, status = DOWN, ipAddr = 192.168.1.3, port = 8086, securePort = 443, dataCenterInfo = com.netflix.appinfo.MyDataCenterInfo@1cd93693] as "application/json"
2026-03-28 08:40:03 [DiscoveryClient-InstanceInfoReplicator-%d] DEBUG o.s.web.client.RestTemplate - Response 204 NO_CONTENT
2026-03-28 08:40:03 [DiscoveryClient-InstanceInfoReplicator-%d] INFO  c.netflix.discovery.DiscoveryClient - DiscoveryClient_AUTH-SERVICE/DESKTOP-I56EJUR:auth-service:8086 - registration status: 204
2026-03-28 08:40:03 [SpringApplicationShutdownHook] INFO  o.s.o.j.LocalContainerEntityManagerFactoryBean - Closing JPA EntityManagerFactory for persistence unit 'default'
2026-03-28 08:40:03 [SpringApplicationShutdownHook] WARN  org.hibernate.orm.cache - HHH90001002: Attempt to restop an already stopped JCacheRegionFactory.
2026-03-28 08:40:03 [SpringApplicationShutdownHook] INFO  com.zaxxer.hikari.HikariDataSource - HikariPool-1 - Shutdown initiated...
2026-03-28 08:40:03 [SpringApplicationShutdownHook] INFO  com.zaxxer.hikari.HikariDataSource - HikariPool-1 - Shutdown completed.
2026-03-28 08:40:03 [SpringApplicationShutdownHook] INFO  c.netflix.discovery.DiscoveryClient - Shutting down DiscoveryClient ...
2026-03-28 08:40:06 [SpringApplicationShutdownHook] INFO  c.netflix.discovery.DiscoveryClient - Unregistering ...
2026-03-28 08:40:06 [SpringApplicationShutdownHook] DEBUG o.s.web.client.RestTemplate - HTTP DELETE http://localhost:8761/eureka/apps/AUTH-SERVICE/DESKTOP-I56EJUR:auth-service:8086
2026-03-28 08:40:06 [SpringApplicationShutdownHook] DEBUG o.s.web.client.RestTemplate - Accept=[application/json, application/*+json]
2026-03-28 08:40:06 [SpringApplicationShutdownHook] DEBUG o.s.web.client.RestTemplate - Response 200 OK
2026-03-28 08:40:06 [SpringApplicationShutdownHook] INFO  c.netflix.discovery.DiscoveryClient - DiscoveryClient_AUTH-SERVICE/DESKTOP-I56EJUR:auth-service:8086 - deregister  status: 200
2026-03-28 08:40:06 [SpringApplicationShutdownHook] INFO  c.netflix.discovery.DiscoveryClient - Completed shut down of DiscoveryClient
2026-03-28 13:38:44 [main] INFO  c.m.a.AuthServiceApplication - Starting AuthServiceApplication using Java 21.0.8 with PID 16348 (C:\Users\LENOVO\Desktop\NewBackendMicroserviceImplementation\DemoMicroserviceProject\auth-service\target\classes started by LENOVO in C:\Users\LENOVO\Desktop\NewBackendMicroserviceImplementation\DemoMicroserviceProject\auth-service)
2026-03-28 13:38:44 [main] DEBUG c.m.a.AuthServiceApplication - Running with Spring Boot v3.2.5, Spring v6.1.6
2026-03-28 13:38:44 [main] INFO  c.m.a.AuthServiceApplication - No active profile set, falling back to 1 default profile: "default"
2026-03-28 13:38:46 [main] INFO  o.s.d.r.c.RepositoryConfigurationDelegate - Bootstrapping Spring Data JPA repositories in DEFAULT mode.
2026-03-28 13:38:46 [main] INFO  o.s.d.r.c.RepositoryConfigurationDelegate - Finished Spring Data repository scanning in 204 ms. Found 1 JPA repository interface.
2026-03-28 13:38:47 [main] INFO  o.s.cloud.context.scope.GenericScope - BeanFactory id=02a0ee31-8f12-3127-8672-f213d451701f
2026-03-28 13:38:48 [main] WARN  o.s.c.s.PostProcessorRegistrationDelegate$BeanPostProcessorChecker - Bean 'org.springframework.cloud.client.loadbalancer.LoadBalancerAutoConfiguration$DeferringLoadBalancerInterceptorConfig' of type [org.springframework.cloud.client.loadbalancer.LoadBalancerAutoConfiguration$DeferringLoadBalancerInterceptorConfig] is not eligible for getting processed by all BeanPostProcessors (for example: not eligible for auto-proxying). The currently created BeanPostProcessor [lbRestClientPostProcessor] is declared through a non-static factory method on that class; consider declaring it as static instead.
2026-03-28 13:38:48 [main] WARN  o.s.c.s.PostProcessorRegistrationDelegate$BeanPostProcessorChecker - Bean 'deferringLoadBalancerInterceptor' of type [org.springframework.cloud.client.loadbalancer.DeferringLoadBalancerInterceptor] is not eligible for getting processed by all BeanPostProcessors (for example: not eligible for auto-proxying). Is this bean getting eagerly injected into a currently created BeanPostProcessor [lbRestClientPostProcessor]? Check the corresponding BeanPostProcessor declaration and its dependencies.
2026-03-28 13:38:48 [main] INFO  o.s.b.w.e.tomcat.TomcatWebServer - Tomcat initialized with port 8086 (http)
2026-03-28 13:38:48 [main] INFO  o.a.catalina.core.StandardService - Starting service [Tomcat]
2026-03-28 13:38:48 [main] INFO  o.a.catalina.core.StandardEngine - Starting Servlet engine: [Apache Tomcat/10.1.20]
2026-03-28 13:38:48 [main] INFO  o.a.c.c.C.[Tomcat].[localhost].[/] - Initializing Spring embedded WebApplicationContext
2026-03-28 13:38:48 [main] INFO  o.s.b.w.s.c.ServletWebServerApplicationContext - Root WebApplicationContext: initialization completed in 4057 ms
2026-03-28 13:38:49 [main] INFO  o.h.jpa.internal.util.LogHelper - HHH000204: Processing PersistenceUnitInfo [name: default]
2026-03-28 13:38:49 [main] INFO  org.hibernate.Version - HHH000412: Hibernate ORM core version 6.4.4.Final
2026-03-28 13:38:49 [main] INFO  o.h.c.i.RegionFactoryInitiator - HHH000025: Second-level cache region factory [org.hibernate.cache.jcache.internal.JCacheRegionFactory]
2026-03-28 13:38:49 [main] INFO  o.s.o.j.p.SpringPersistenceUnitInfo - No LoadTimeWeaver setup: ignoring JPA class transformer
2026-03-28 13:38:49 [main] INFO  com.zaxxer.hikari.HikariDataSource - HikariPool-1 - Starting...
2026-03-28 13:38:50 [main] INFO  com.zaxxer.hikari.pool.HikariPool - HikariPool-1 - Added connection org.postgresql.jdbc.PgConnection@74450c9b
2026-03-28 13:38:50 [main] INFO  com.zaxxer.hikari.HikariDataSource - HikariPool-1 - Start completed.
2026-03-28 13:38:50 [main] WARN  org.hibernate.orm.deprecation - HHH90000025: PostgreSQLDialect does not need to be specified explicitly using 'hibernate.dialect' (remove the property setting and it will be selected by default)
2026-03-28 13:38:51 [main] INFO  o.h.e.t.j.p.i.JtaPlatformInitiator - HHH000489: No JTA platform available (set 'hibernate.transaction.jta.platform' to enable JTA platform integration)
2026-03-28 13:38:51 [main] INFO  o.s.o.j.LocalContainerEntityManagerFactoryBean - Initialized JPA EntityManagerFactory for persistence unit 'default'
2026-03-28 13:38:52 [main] WARN  o.s.b.a.o.j.JpaBaseConfiguration$JpaWebConfiguration - spring.jpa.open-in-view is enabled by default. Therefore, database queries may be performed during view rendering. Explicitly configure spring.jpa.open-in-view to disable this warning
2026-03-28 13:38:53 [main] INFO  o.s.c.o.FeignClientFactoryBean - For 'demo-service1' URL not provided. Will try picking an instance via load-balancing.
2026-03-28 13:38:53 [main] INFO  o.s.c.o.FeignClientFactoryBean - For 'demo-service2' URL not provided. Will try picking an instance via load-balancing.
2026-03-28 13:38:53 [main] INFO  c.m.auth_service.cache.CacheConfig -  Initializing caffeine cache manager for Auth Manager
2026-03-28 13:38:53 [main] INFO  c.m.auth_service.cache.CacheConfig - Cache manager initialized with cache
2026-03-28 13:38:53 [main] DEBUG o.s.w.s.m.m.a.RequestMappingHandlerMapping - 8 mappings in 'requestMappingHandlerMapping'
2026-03-28 13:38:54 [main] DEBUG o.s.w.s.h.SimpleUrlHandlerMapping - Patterns [/webjars/**, /**] in 'resourceHandlerMapping'
2026-03-28 13:38:54 [main] INFO  o.s.s.web.DefaultSecurityFilterChain - Will secure any request with [org.springframework.security.web.session.DisableEncodeUrlFilter@39e3da5a, org.springframework.security.web.context.request.async.WebAsyncManagerIntegrationFilter@339d5e8, org.springframework.security.web.context.SecurityContextHolderFilter@54d3b4fe, org.springframework.security.web.header.HeaderWriterFilter@e934485, org.springframework.web.filter.CorsFilter@3bd466bd, org.springframework.security.web.authentication.logout.LogoutFilter@1b13e4fb, org.springframework.security.web.savedrequest.RequestCacheAwareFilter@275860e9, org.springframework.security.web.servletapi.SecurityContextHolderAwareRequestFilter@71cdb24, org.springframework.security.web.authentication.AnonymousAuthenticationFilter@1bbf7e81, org.springframework.security.web.session.SessionManagementFilter@61236349, org.springframework.security.web.access.ExceptionTranslationFilter@373e3dac, org.springframework.security.web.access.intercept.AuthorizationFilter@5546a9e0]
2026-03-28 13:38:54 [main] DEBUG o.s.w.s.m.m.a.RequestMappingHandlerAdapter - ControllerAdvice beans: 0 @ModelAttribute, 0 @InitBinder, 1 RequestBodyAdvice, 1 ResponseBodyAdvice
2026-03-28 13:38:54 [main] DEBUG o.s.w.s.m.m.a.ExceptionHandlerExceptionResolver - ControllerAdvice beans: 1 @ExceptionHandler, 1 ResponseBodyAdvice
2026-03-28 13:38:55 [main] INFO  o.s.c.n.e.c.DiscoveryClientOptionalArgsConfiguration - Eureka HTTP Client uses RestTemplate.
2026-03-28 13:38:55 [main] INFO  o.s.c.n.eureka.InstanceInfoFactory - Setting initial instance status as: STARTING
2026-03-28 13:38:55 [main] INFO  c.netflix.discovery.DiscoveryClient - Initializing Eureka in region us-east-1
2026-03-28 13:38:55 [main] INFO  c.n.d.s.r.aws.ConfigClusterResolver - Resolving eureka endpoints via configuration
2026-03-28 13:38:55 [main] INFO  c.netflix.discovery.DiscoveryClient - Disable delta property : false
2026-03-28 13:38:55 [main] INFO  c.netflix.discovery.DiscoveryClient - Single vip registry refresh property : null
2026-03-28 13:38:55 [main] INFO  c.netflix.discovery.DiscoveryClient - Force full registry fetch : false
2026-03-28 13:38:55 [main] INFO  c.netflix.discovery.DiscoveryClient - Application is null : false
2026-03-28 13:38:55 [main] INFO  c.netflix.discovery.DiscoveryClient - Registered Applications size is zero : true
2026-03-28 13:38:55 [main] INFO  c.netflix.discovery.DiscoveryClient - Application version is -1: true
2026-03-28 13:38:55 [main] INFO  c.netflix.discovery.DiscoveryClient - Getting all instance registry info from the eureka server
2026-03-28 13:38:55 [main] DEBUG o.s.web.client.RestTemplate - HTTP GET http://localhost:8761/eureka/apps/
2026-03-28 13:38:56 [main] DEBUG o.s.web.client.RestTemplate - Accept=[application/json, application/*+json]
2026-03-28 13:38:56 [main] DEBUG o.s.web.client.RestTemplate - Response 200 OK
2026-03-28 13:38:56 [main] DEBUG o.s.web.client.RestTemplate - Reading to [org.springframework.cloud.netflix.eureka.http.EurekaApplications]
2026-03-28 13:38:56 [main] INFO  c.netflix.discovery.DiscoveryClient - The response status is 200
2026-03-28 13:38:56 [main] INFO  c.netflix.discovery.DiscoveryClient - Starting heartbeat executor: renew interval is: 30
2026-03-28 13:38:56 [main] INFO  c.n.discovery.InstanceInfoReplicator - InstanceInfoReplicator onDemand update allowed rate per min is 4
2026-03-28 13:38:56 [main] INFO  c.netflix.discovery.DiscoveryClient - Discovery Client initialized at timestamp 1774685336131 with initial instances count: 0
2026-03-28 13:38:56 [main] INFO  o.s.c.n.e.s.EurekaServiceRegistry - Registering application AUTH-SERVICE with eureka with status UP
2026-03-28 13:38:56 [main] INFO  c.netflix.discovery.DiscoveryClient - Saw local status change event StatusChangeEvent [timestamp=1774685336152, current=UP, previous=STARTING]
2026-03-28 13:38:56 [DiscoveryClient-InstanceInfoReplicator-%d] INFO  c.netflix.discovery.DiscoveryClient - DiscoveryClient_AUTH-SERVICE/DESKTOP-I56EJUR:auth-service:8086: registering service...
2026-03-28 13:38:56 [DiscoveryClient-InstanceInfoReplicator-%d] DEBUG o.s.web.client.RestTemplate - HTTP POST http://localhost:8761/eureka/apps/AUTH-SERVICE
2026-03-28 13:38:56 [DiscoveryClient-InstanceInfoReplicator-%d] DEBUG o.s.web.client.RestTemplate - Accept=[application/json, application/*+json]
2026-03-28 13:38:56 [main] INFO  o.s.b.w.e.tomcat.TomcatWebServer - Tomcat started on port 8086 (http) with context path ''
2026-03-28 13:38:56 [main] INFO  o.s.c.n.e.s.EurekaAutoServiceRegistration - Updating port to 8086
2026-03-28 13:38:56 [DiscoveryClient-InstanceInfoReplicator-%d] DEBUG o.s.web.client.RestTemplate - Writing [InstanceInfo [instanceId = DESKTOP-I56EJUR:auth-service:8086, appName = AUTH-SERVICE, hostName = 192.168.1.3, status = UP, ipAddr = 192.168.1.3, port = 8086, securePort = 443, dataCenterInfo = com.netflix.appinfo.MyDataCenterInfo@537fb7bf] as "application/json"
2026-03-28 13:38:56 [main] INFO  c.m.a.AuthServiceApplication - Started AuthServiceApplication in 12.187 seconds (process running for 13.032)
2026-03-28 13:38:56 [DiscoveryClient-InstanceInfoReplicator-%d] DEBUG o.s.web.client.RestTemplate - Response 204 NO_CONTENT
2026-03-28 13:38:56 [DiscoveryClient-InstanceInfoReplicator-%d] INFO  c.netflix.discovery.DiscoveryClient - DiscoveryClient_AUTH-SERVICE/DESKTOP-I56EJUR:auth-service:8086 - registration status: 204
2026-03-28 13:39:26 [DiscoveryClient-CacheRefreshExecutor-%d] INFO  c.netflix.discovery.DiscoveryClient - Disable delta property : false
2026-03-28 13:39:26 [DiscoveryClient-CacheRefreshExecutor-%d] INFO  c.netflix.discovery.DiscoveryClient - Single vip registry refresh property : null
2026-03-28 13:39:26 [DiscoveryClient-CacheRefreshExecutor-%d] INFO  c.netflix.discovery.DiscoveryClient - Force full registry fetch : false
2026-03-28 13:39:26 [DiscoveryClient-CacheRefreshExecutor-%d] INFO  c.netflix.discovery.DiscoveryClient - Application is null : false
2026-03-28 13:39:26 [DiscoveryClient-CacheRefreshExecutor-%d] INFO  c.netflix.discovery.DiscoveryClient - Registered Applications size is zero : true
2026-03-28 13:39:26 [DiscoveryClient-CacheRefreshExecutor-%d] INFO  c.netflix.discovery.DiscoveryClient - Application version is -1: false
2026-03-28 13:39:26 [DiscoveryClient-CacheRefreshExecutor-%d] INFO  c.netflix.discovery.DiscoveryClient - Getting all instance registry info from the eureka server
2026-03-28 13:39:26 [DiscoveryClient-CacheRefreshExecutor-%d] DEBUG o.s.web.client.RestTemplate - HTTP GET http://localhost:8761/eureka/apps/
2026-03-28 13:39:26 [DiscoveryClient-CacheRefreshExecutor-%d] DEBUG o.s.web.client.RestTemplate - Accept=[application/json, application/*+json]
2026-03-28 13:39:26 [DiscoveryClient-HeartbeatExecutor-%d] DEBUG o.s.web.client.RestTemplate - HTTP PUT http://localhost:8761/eureka/apps/AUTH-SERVICE/DESKTOP-I56EJUR:auth-service:8086?status=UP&lastDirtyTimestamp=1774685336151
2026-03-28 13:39:26 [DiscoveryClient-HeartbeatExecutor-%d] DEBUG o.s.web.client.RestTemplate - Accept=[application/json, application/*+json]
2026-03-28 13:39:26 [DiscoveryClient-CacheRefreshExecutor-%d] DEBUG o.s.web.client.RestTemplate - Response 200 OK
2026-03-28 13:39:26 [DiscoveryClient-CacheRefreshExecutor-%d] DEBUG o.s.web.client.RestTemplate - Reading to [org.springframework.cloud.netflix.eureka.http.EurekaApplications]
2026-03-28 13:39:26 [DiscoveryClient-HeartbeatExecutor-%d] DEBUG o.s.web.client.RestTemplate - Response 200 OK
2026-03-28 13:39:26 [DiscoveryClient-CacheRefreshExecutor-%d] INFO  c.netflix.discovery.DiscoveryClient - The response status is 200
2026-03-28 13:39:56 [DiscoveryClient-HeartbeatExecutor-%d] DEBUG o.s.web.client.RestTemplate - HTTP PUT http://localhost:8761/eureka/apps/AUTH-SERVICE/DESKTOP-I56EJUR:auth-service:8086?status=UP&lastDirtyTimestamp=1774685336151
2026-03-28 13:39:56 [DiscoveryClient-HeartbeatExecutor-%d] DEBUG o.s.web.client.RestTemplate - Accept=[application/json, application/*+json]
2026-03-28 13:39:56 [DiscoveryClient-HeartbeatExecutor-%d] DEBUG o.s.web.client.RestTemplate - Response 200 OK
2026-03-28 13:39:56 [DiscoveryClient-CacheRefreshExecutor-%d] DEBUG o.s.web.client.RestTemplate - HTTP GET http://localhost:8761/eureka/apps/delta
2026-03-28 13:39:56 [DiscoveryClient-CacheRefreshExecutor-%d] DEBUG o.s.web.client.RestTemplate - Accept=[application/json, application/*+json]
2026-03-28 13:39:56 [DiscoveryClient-CacheRefreshExecutor-%d] DEBUG o.s.web.client.RestTemplate - Response 200 OK
2026-03-28 13:39:56 [DiscoveryClient-CacheRefreshExecutor-%d] DEBUG o.s.web.client.RestTemplate - Reading to [org.springframework.cloud.netflix.eureka.http.EurekaApplications]
2026-03-28 13:40:26 [DiscoveryClient-HeartbeatExecutor-%d] DEBUG o.s.web.client.RestTemplate - HTTP PUT http://localhost:8761/eureka/apps/AUTH-SERVICE/DESKTOP-I56EJUR:auth-service:8086?status=UP&lastDirtyTimestamp=1774685336151
2026-03-28 13:40:26 [DiscoveryClient-HeartbeatExecutor-%d] DEBUG o.s.web.client.RestTemplate - Accept=[application/json, application/*+json]
2026-03-28 13:40:26 [DiscoveryClient-HeartbeatExecutor-%d] DEBUG o.s.web.client.RestTemplate - Response 200 OK
2026-03-28 13:40:26 [DiscoveryClient-CacheRefreshExecutor-%d] DEBUG o.s.web.client.RestTemplate - HTTP GET http://localhost:8761/eureka/apps/delta
2026-03-28 13:40:26 [DiscoveryClient-CacheRefreshExecutor-%d] DEBUG o.s.web.client.RestTemplate - Accept=[application/json, application/*+json]
2026-03-28 13:40:26 [DiscoveryClient-CacheRefreshExecutor-%d] DEBUG o.s.web.client.RestTemplate - Response 200 OK
2026-03-28 13:40:26 [DiscoveryClient-CacheRefreshExecutor-%d] DEBUG o.s.web.client.RestTemplate - Reading to [org.springframework.cloud.netflix.eureka.http.EurekaApplications]
2026-03-28 13:40:56 [DiscoveryClient-HeartbeatExecutor-%d] DEBUG o.s.web.client.RestTemplate - HTTP PUT http://localhost:8761/eureka/apps/AUTH-SERVICE/DESKTOP-I56EJUR:auth-service:8086?status=UP&lastDirtyTimestamp=1774685336151
2026-03-28 13:40:56 [DiscoveryClient-HeartbeatExecutor-%d] DEBUG o.s.web.client.RestTemplate - Accept=[application/json, application/*+json]
2026-03-28 13:40:56 [DiscoveryClient-CacheRefreshExecutor-%d] DEBUG o.s.web.client.RestTemplate - HTTP GET http://localhost:8761/eureka/apps/delta
2026-03-28 13:40:56 [DiscoveryClient-CacheRefreshExecutor-%d] DEBUG o.s.web.client.RestTemplate - Accept=[application/json, application/*+json]
2026-03-28 13:40:56 [DiscoveryClient-HeartbeatExecutor-%d] DEBUG o.s.web.client.RestTemplate - Response 200 OK
2026-03-28 13:40:56 [DiscoveryClient-CacheRefreshExecutor-%d] DEBUG o.s.web.client.RestTemplate - Response 200 OK
2026-03-28 13:40:56 [DiscoveryClient-CacheRefreshExecutor-%d] DEBUG o.s.web.client.RestTemplate - Reading to [org.springframework.cloud.netflix.eureka.http.EurekaApplications]
2026-03-28 13:41:26 [DiscoveryClient-HeartbeatExecutor-%d] DEBUG o.s.web.client.RestTemplate - HTTP PUT http://localhost:8761/eureka/apps/AUTH-SERVICE/DESKTOP-I56EJUR:auth-service:8086?status=UP&lastDirtyTimestamp=1774685336151
2026-03-28 13:41:26 [DiscoveryClient-HeartbeatExecutor-%d] DEBUG o.s.web.client.RestTemplate - Accept=[application/json, application/*+json]
2026-03-28 13:41:26 [DiscoveryClient-CacheRefreshExecutor-%d] DEBUG o.s.web.client.RestTemplate - HTTP GET http://localhost:8761/eureka/apps/delta
2026-03-28 13:41:26 [DiscoveryClient-CacheRefreshExecutor-%d] DEBUG o.s.web.client.RestTemplate - Accept=[application/json, application/*+json]
2026-03-28 13:41:26 [DiscoveryClient-HeartbeatExecutor-%d] DEBUG o.s.web.client.RestTemplate - Response 200 OK
2026-03-28 13:41:26 [DiscoveryClient-CacheRefreshExecutor-%d] DEBUG o.s.web.client.RestTemplate - Response 200 OK
2026-03-28 13:41:26 [DiscoveryClient-CacheRefreshExecutor-%d] DEBUG o.s.web.client.RestTemplate - Reading to [org.springframework.cloud.netflix.eureka.http.EurekaApplications]
2026-03-28 13:41:56 [DiscoveryClient-HeartbeatExecutor-%d] DEBUG o.s.web.client.RestTemplate - HTTP PUT http://localhost:8761/eureka/apps/AUTH-SERVICE/DESKTOP-I56EJUR:auth-service:8086?status=UP&lastDirtyTimestamp=1774685336151
2026-03-28 13:41:56 [DiscoveryClient-HeartbeatExecutor-%d] DEBUG o.s.web.client.RestTemplate - Accept=[application/json, application/*+json]
2026-03-28 13:41:56 [DiscoveryClient-CacheRefreshExecutor-%d] DEBUG o.s.web.client.RestTemplate - HTTP GET http://localhost:8761/eureka/apps/delta
2026-03-28 13:41:56 [DiscoveryClient-CacheRefreshExecutor-%d] DEBUG o.s.web.client.RestTemplate - Accept=[application/json, application/*+json]
2026-03-28 13:41:56 [DiscoveryClient-CacheRefreshExecutor-%d] DEBUG o.s.web.client.RestTemplate - Response 200 OK
2026-03-28 13:41:56 [DiscoveryClient-CacheRefreshExecutor-%d] DEBUG o.s.web.client.RestTemplate - Reading to [org.springframework.cloud.netflix.eureka.http.EurekaApplications]
2026-03-28 13:41:56 [DiscoveryClient-HeartbeatExecutor-%d] DEBUG o.s.web.client.RestTemplate - Response 200 OK
2026-03-28 13:42:26 [DiscoveryClient-HeartbeatExecutor-%d] DEBUG o.s.web.client.RestTemplate - HTTP PUT http://localhost:8761/eureka/apps/AUTH-SERVICE/DESKTOP-I56EJUR:auth-service:8086?status=UP&lastDirtyTimestamp=1774685336151
2026-03-28 13:42:26 [DiscoveryClient-CacheRefreshExecutor-%d] DEBUG o.s.web.client.RestTemplate - HTTP GET http://localhost:8761/eureka/apps/delta
2026-03-28 13:42:26 [DiscoveryClient-CacheRefreshExecutor-%d] DEBUG o.s.web.client.RestTemplate - Accept=[application/json, application/*+json]
2026-03-28 13:42:26 [DiscoveryClient-HeartbeatExecutor-%d] DEBUG o.s.web.client.RestTemplate - Accept=[application/json, application/*+json]
2026-03-28 13:42:26 [DiscoveryClient-HeartbeatExecutor-%d] DEBUG o.s.web.client.RestTemplate - Response 200 OK
2026-03-28 13:42:26 [DiscoveryClient-CacheRefreshExecutor-%d] DEBUG o.s.web.client.RestTemplate - Response 200 OK
2026-03-28 13:42:26 [DiscoveryClient-CacheRefreshExecutor-%d] DEBUG o.s.web.client.RestTemplate - Reading to [org.springframework.cloud.netflix.eureka.http.EurekaApplications]
2026-03-28 13:42:56 [DiscoveryClient-HeartbeatExecutor-%d] DEBUG o.s.web.client.RestTemplate - HTTP PUT http://localhost:8761/eureka/apps/AUTH-SERVICE/DESKTOP-I56EJUR:auth-service:8086?status=UP&lastDirtyTimestamp=1774685336151
2026-03-28 13:42:56 [DiscoveryClient-HeartbeatExecutor-%d] DEBUG o.s.web.client.RestTemplate - Accept=[application/json, application/*+json]
2026-03-28 13:42:56 [DiscoveryClient-CacheRefreshExecutor-%d] DEBUG o.s.web.client.RestTemplate - HTTP GET http://localhost:8761/eureka/apps/delta
2026-03-28 13:42:56 [DiscoveryClient-CacheRefreshExecutor-%d] DEBUG o.s.web.client.RestTemplate - Accept=[application/json, application/*+json]
2026-03-28 13:42:56 [DiscoveryClient-HeartbeatExecutor-%d] DEBUG o.s.web.client.RestTemplate - Response 200 OK
2026-03-28 13:42:56 [DiscoveryClient-CacheRefreshExecutor-%d] DEBUG o.s.web.client.RestTemplate - Response 200 OK
2026-03-28 13:42:56 [DiscoveryClient-CacheRefreshExecutor-%d] DEBUG o.s.web.client.RestTemplate - Reading to [org.springframework.cloud.netflix.eureka.http.EurekaApplications]
2026-03-28 13:45:16 [DiscoveryClient-CacheRefreshExecutor-%d] DEBUG o.s.web.client.RestTemplate - HTTP GET http://localhost:8761/eureka/apps/delta
2026-03-28 13:45:16 [DiscoveryClient-HeartbeatExecutor-%d] DEBUG o.s.web.client.RestTemplate - HTTP PUT http://localhost:8761/eureka/apps/AUTH-SERVICE/DESKTOP-I56EJUR:auth-service:8086?status=UP&lastDirtyTimestamp=1774685336151
2026-03-28 13:45:16 [DiscoveryClient-HeartbeatExecutor-%d] DEBUG o.s.web.client.RestTemplate - Accept=[application/json, application/*+json]
2026-03-28 13:45:16 [DiscoveryClient-CacheRefreshExecutor-%d] DEBUG o.s.web.client.RestTemplate - Accept=[application/json, application/*+json]
2026-03-28 13:45:16 [DiscoveryClient-HeartbeatExecutor-%d] DEBUG o.s.web.client.RestTemplate - Response 200 OK
2026-03-28 13:45:16 [DiscoveryClient-CacheRefreshExecutor-%d] DEBUG o.s.web.client.RestTemplate - Response 200 OK
2026-03-28 13:45:16 [DiscoveryClient-CacheRefreshExecutor-%d] DEBUG o.s.web.client.RestTemplate - Reading to [org.springframework.cloud.netflix.eureka.http.EurekaApplications]
2026-03-28 13:45:40 [HikariPool-1 housekeeper] WARN  com.zaxxer.hikari.pool.HikariPool - HikariPool-1 - Thread starvation or clock leap detected (housekeeper delta=2m20s229ms689µs100ns).
2026-03-28 13:45:45 [AsyncResolver-bootstrap-executor-%d] INFO  c.n.d.s.r.aws.ConfigClusterResolver - Resolving eureka endpoints via configuration
2026-03-28 13:45:46 [DiscoveryClient-HeartbeatExecutor-%d] DEBUG o.s.web.client.RestTemplate - HTTP PUT http://localhost:8761/eureka/apps/AUTH-SERVICE/DESKTOP-I56EJUR:auth-service:8086?status=UP&lastDirtyTimestamp=1774685336151
2026-03-28 13:45:46 [DiscoveryClient-HeartbeatExecutor-%d] DEBUG o.s.web.client.RestTemplate - Accept=[application/json, application/*+json]
2026-03-28 13:45:46 [DiscoveryClient-CacheRefreshExecutor-%d] DEBUG o.s.web.client.RestTemplate - HTTP GET http://localhost:8761/eureka/apps/delta
2026-03-28 13:45:46 [DiscoveryClient-CacheRefreshExecutor-%d] DEBUG o.s.web.client.RestTemplate - Accept=[application/json, application/*+json]
2026-03-28 13:45:46 [DiscoveryClient-HeartbeatExecutor-%d] DEBUG o.s.web.client.RestTemplate - Response 200 OK
2026-03-28 13:45:46 [DiscoveryClient-CacheRefreshExecutor-%d] DEBUG o.s.web.client.RestTemplate - Response 200 OK
2026-03-28 13:45:46 [DiscoveryClient-CacheRefreshExecutor-%d] DEBUG o.s.web.client.RestTemplate - Reading to [org.springframework.cloud.netflix.eureka.http.EurekaApplications]
2026-03-28 13:46:16 [DiscoveryClient-HeartbeatExecutor-%d] DEBUG o.s.web.client.RestTemplate - HTTP PUT http://localhost:8761/eureka/apps/AUTH-SERVICE/DESKTOP-I56EJUR:auth-service:8086?status=UP&lastDirtyTimestamp=1774685336151
2026-03-28 13:46:16 [DiscoveryClient-HeartbeatExecutor-%d] DEBUG o.s.web.client.RestTemplate - Accept=[application/json, application/*+json]
2026-03-28 13:46:16 [DiscoveryClient-CacheRefreshExecutor-%d] DEBUG o.s.web.client.RestTemplate - HTTP GET http://localhost:8761/eureka/apps/delta
2026-03-28 13:46:16 [DiscoveryClient-HeartbeatExecutor-%d] DEBUG o.s.web.client.RestTemplate - Response 200 OK
2026-03-28 13:46:16 [DiscoveryClient-CacheRefreshExecutor-%d] DEBUG o.s.web.client.RestTemplate - Accept=[application/json, application/*+json]
2026-03-28 13:46:16 [DiscoveryClient-CacheRefreshExecutor-%d] DEBUG o.s.web.client.RestTemplate - Response 200 OK
2026-03-28 13:46:16 [DiscoveryClient-CacheRefreshExecutor-%d] DEBUG o.s.web.client.RestTemplate - Reading to [org.springframework.cloud.netflix.eureka.http.EurekaApplications]
2026-03-28 13:46:42 [http-nio-8086-exec-1] INFO  o.a.c.c.C.[Tomcat].[localhost].[/] - Initializing Spring DispatcherServlet 'dispatcherServlet'
2026-03-28 13:46:42 [http-nio-8086-exec-1] INFO  o.s.web.servlet.DispatcherServlet - Initializing Servlet 'dispatcherServlet'
2026-03-28 13:46:42 [http-nio-8086-exec-1] DEBUG o.s.web.servlet.DispatcherServlet - Detected StandardServletMultipartResolver
2026-03-28 13:46:42 [http-nio-8086-exec-1] DEBUG o.s.web.servlet.DispatcherServlet - Detected AcceptHeaderLocaleResolver
2026-03-28 13:46:42 [http-nio-8086-exec-1] DEBUG o.s.web.servlet.DispatcherServlet - Detected FixedThemeResolver
2026-03-28 13:46:42 [http-nio-8086-exec-1] DEBUG o.s.web.servlet.DispatcherServlet - Detected org.springframework.web.servlet.view.DefaultRequestToViewNameTranslator@3b0471a5
2026-03-28 13:46:42 [http-nio-8086-exec-1] DEBUG o.s.web.servlet.DispatcherServlet - Detected org.springframework.web.servlet.support.SessionFlashMapManager@ac3739d
2026-03-28 13:46:42 [http-nio-8086-exec-1] DEBUG o.s.web.servlet.DispatcherServlet - enableLoggingRequestDetails='false': request parameters and headers will be masked to prevent unsafe logging of potentially sensitive data
2026-03-28 13:46:42 [http-nio-8086-exec-1] INFO  o.s.web.servlet.DispatcherServlet - Completed initialization in 10 ms
2026-03-28 13:46:42 [http-nio-8086-exec-1] DEBUG o.s.security.web.FilterChainProxy - Securing GET /api/auth/health
2026-03-28 13:46:42 [http-nio-8086-exec-1] DEBUG o.s.s.w.a.AnonymousAuthenticationFilter - Set SecurityContextHolder to anonymous SecurityContext
2026-03-28 13:46:42 [http-nio-8086-exec-1] DEBUG o.s.security.web.FilterChainProxy - Secured GET /api/auth/health
2026-03-28 13:46:42 [http-nio-8086-exec-1] DEBUG o.s.web.servlet.DispatcherServlet - GET "/api/auth/health", parameters={}
2026-03-28 13:46:42 [http-nio-8086-exec-1] DEBUG o.s.w.s.m.m.a.RequestMappingHandlerMapping - Mapped to com.microservice_demo.auth_service.controller.AuthController#health()
2026-03-28 13:46:42 [http-nio-8086-exec-1] DEBUG o.s.w.s.m.m.a.HttpEntityMethodProcessor - Using 'application/json', given [*/*] and supported [application/json, application/*+json]
2026-03-28 13:46:42 [http-nio-8086-exec-1] DEBUG o.s.w.s.m.m.a.HttpEntityMethodProcessor - Writing [MessageResponse(message=Auth Service is running)]
2026-03-28 13:46:42 [http-nio-8086-exec-1] DEBUG o.s.web.servlet.DispatcherServlet - Completed 200 OK
2026-03-28 13:46:46 [DiscoveryClient-HeartbeatExecutor-%d] DEBUG o.s.web.client.RestTemplate - HTTP PUT http://localhost:8761/eureka/apps/AUTH-SERVICE/DESKTOP-I56EJUR:auth-service:8086?status=UP&lastDirtyTimestamp=1774685336151
2026-03-28 13:46:46 [DiscoveryClient-HeartbeatExecutor-%d] DEBUG o.s.web.client.RestTemplate - Accept=[application/json, application/*+json]
2026-03-28 13:46:46 [DiscoveryClient-CacheRefreshExecutor-%d] DEBUG o.s.web.client.RestTemplate - HTTP GET http://localhost:8761/eureka/apps/delta
2026-03-28 13:46:46 [DiscoveryClient-CacheRefreshExecutor-%d] DEBUG o.s.web.client.RestTemplate - Accept=[application/json, application/*+json]
2026-03-28 13:46:46 [DiscoveryClient-HeartbeatExecutor-%d] DEBUG o.s.web.client.RestTemplate - Response 200 OK
2026-03-28 13:46:46 [DiscoveryClient-CacheRefreshExecutor-%d] DEBUG o.s.web.client.RestTemplate - Response 200 OK
2026-03-28 13:46:46 [DiscoveryClient-CacheRefreshExecutor-%d] DEBUG o.s.web.client.RestTemplate - Reading to [org.springframework.cloud.netflix.eureka.http.EurekaApplications]
2026-03-28 13:46:53 [http-nio-8086-exec-2] DEBUG o.s.security.web.FilterChainProxy - Securing GET /api/auth/test
2026-03-28 13:46:53 [http-nio-8086-exec-2] DEBUG o.s.s.w.a.AnonymousAuthenticationFilter - Set SecurityContextHolder to anonymous SecurityContext
2026-03-28 13:46:53 [http-nio-8086-exec-2] DEBUG o.s.security.web.FilterChainProxy - Secured GET /api/auth/test
2026-03-28 13:46:53 [http-nio-8086-exec-2] DEBUG o.s.web.servlet.DispatcherServlet - GET "/api/auth/test", parameters={}
2026-03-28 13:46:53 [http-nio-8086-exec-2] DEBUG o.s.w.s.m.m.a.RequestMappingHandlerMapping - Mapped to com.microservice_demo.auth_service.controller.AuthController#test()
2026-03-28 13:46:53 [http-nio-8086-exec-2] DEBUG o.s.w.s.m.m.a.HttpEntityMethodProcessor - Using 'application/json', given [*/*] and supported [application/json, application/*+json]
2026-03-28 13:46:53 [http-nio-8086-exec-2] DEBUG o.s.w.s.m.m.a.HttpEntityMethodProcessor - Writing [{service=auth-service, message=Auth Service is running - Test endpoint, status=success, timestamp=20 (truncated)...]
2026-03-28 13:46:53 [http-nio-8086-exec-2] DEBUG o.s.web.servlet.DispatcherServlet - Completed 200 OK
2026-03-28 13:47:16 [DiscoveryClient-HeartbeatExecutor-%d] DEBUG o.s.web.client.RestTemplate - HTTP PUT http://localhost:8761/eureka/apps/AUTH-SERVICE/DESKTOP-I56EJUR:auth-service:8086?status=UP&lastDirtyTimestamp=1774685336151
2026-03-28 13:47:16 [DiscoveryClient-HeartbeatExecutor-%d] DEBUG o.s.web.client.RestTemplate - Accept=[application/json, application/*+json]
2026-03-28 13:47:16 [DiscoveryClient-CacheRefreshExecutor-%d] DEBUG o.s.web.client.RestTemplate - HTTP GET http://localhost:8761/eureka/apps/delta
2026-03-28 13:47:16 [DiscoveryClient-CacheRefreshExecutor-%d] DEBUG o.s.web.client.RestTemplate - Accept=[application/json, application/*+json]
2026-03-28 13:47:16 [DiscoveryClient-HeartbeatExecutor-%d] DEBUG o.s.web.client.RestTemplate - Response 200 OK
2026-03-28 13:47:16 [DiscoveryClient-CacheRefreshExecutor-%d] DEBUG o.s.web.client.RestTemplate - Response 200 OK
2026-03-28 13:47:16 [DiscoveryClient-CacheRefreshExecutor-%d] DEBUG o.s.web.client.RestTemplate - Reading to [org.springframework.cloud.netflix.eureka.http.EurekaApplications]
2026-03-28 13:47:46 [DiscoveryClient-HeartbeatExecutor-%d] DEBUG o.s.web.client.RestTemplate - HTTP PUT http://localhost:8761/eureka/apps/AUTH-SERVICE/DESKTOP-I56EJUR:auth-service:8086?status=UP&lastDirtyTimestamp=1774685336151
2026-03-28 13:47:46 [DiscoveryClient-HeartbeatExecutor-%d] DEBUG o.s.web.client.RestTemplate - Accept=[application/json, application/*+json]
2026-03-28 13:47:46 [DiscoveryClient-CacheRefreshExecutor-%d] DEBUG o.s.web.client.RestTemplate - HTTP GET http://localhost:8761/eureka/apps/delta
2026-03-28 13:47:46 [DiscoveryClient-CacheRefreshExecutor-%d] DEBUG o.s.web.client.RestTemplate - Accept=[application/json, application/*+json]
2026-03-28 13:47:46 [DiscoveryClient-HeartbeatExecutor-%d] DEBUG o.s.web.client.RestTemplate - Response 200 OK
2026-03-28 13:47:46 [DiscoveryClient-CacheRefreshExecutor-%d] DEBUG o.s.web.client.RestTemplate - Response 200 OK
2026-03-28 13:47:46 [DiscoveryClient-CacheRefreshExecutor-%d] DEBUG o.s.web.client.RestTemplate - Reading to [org.springframework.cloud.netflix.eureka.http.EurekaApplications]
2026-03-28 13:48:16 [DiscoveryClient-HeartbeatExecutor-%d] DEBUG o.s.web.client.RestTemplate - HTTP PUT http://localhost:8761/eureka/apps/AUTH-SERVICE/DESKTOP-I56EJUR:auth-service:8086?status=UP&lastDirtyTimestamp=1774685336151
2026-03-28 13:48:16 [DiscoveryClient-HeartbeatExecutor-%d] DEBUG o.s.web.client.RestTemplate - Accept=[application/json, application/*+json]
2026-03-28 13:48:16 [DiscoveryClient-CacheRefreshExecutor-%d] DEBUG o.s.web.client.RestTemplate - HTTP GET http://localhost:8761/eureka/apps/delta
2026-03-28 13:48:16 [DiscoveryClient-CacheRefreshExecutor-%d] DEBUG o.s.web.client.RestTemplate - Accept=[application/json, application/*+json]
2026-03-28 13:48:16 [DiscoveryClient-HeartbeatExecutor-%d] DEBUG o.s.web.client.RestTemplate - Response 200 OK
2026-03-28 13:48:16 [DiscoveryClient-CacheRefreshExecutor-%d] DEBUG o.s.web.client.RestTemplate - Response 200 OK
2026-03-28 13:48:16 [DiscoveryClient-CacheRefreshExecutor-%d] DEBUG o.s.web.client.RestTemplate - Reading to [org.springframework.cloud.netflix.eureka.http.EurekaApplications]
2026-03-28 13:48:46 [DiscoveryClient-HeartbeatExecutor-%d] DEBUG o.s.web.client.RestTemplate - HTTP PUT http://localhost:8761/eureka/apps/AUTH-SERVICE/DESKTOP-I56EJUR:auth-service:8086?status=UP&lastDirtyTimestamp=1774685336151
2026-03-28 13:48:46 [DiscoveryClient-HeartbeatExecutor-%d] DEBUG o.s.web.client.RestTemplate - Accept=[application/json, application/*+json]
2026-03-28 13:48:46 [DiscoveryClient-CacheRefreshExecutor-%d] DEBUG o.s.web.client.RestTemplate - HTTP GET http://localhost:8761/eureka/apps/delta
2026-03-28 13:48:46 [DiscoveryClient-CacheRefreshExecutor-%d] DEBUG o.s.web.client.RestTemplate - Accept=[application/json, application/*+json]
2026-03-28 13:48:46 [DiscoveryClient-HeartbeatExecutor-%d] DEBUG o.s.web.client.RestTemplate - Response 200 OK
2026-03-28 13:48:46 [DiscoveryClient-CacheRefreshExecutor-%d] DEBUG o.s.web.client.RestTemplate - Response 200 OK
2026-03-28 13:48:46 [DiscoveryClient-CacheRefreshExecutor-%d] DEBUG o.s.web.client.RestTemplate - Reading to [org.springframework.cloud.netflix.eureka.http.EurekaApplications]
2026-03-28 13:49:16 [DiscoveryClient-CacheRefreshExecutor-%d] DEBUG o.s.web.client.RestTemplate - HTTP GET http://localhost:8761/eureka/apps/delta
2026-03-28 13:49:16 [DiscoveryClient-HeartbeatExecutor-%d] DEBUG o.s.web.client.RestTemplate - HTTP PUT http://localhost:8761/eureka/apps/AUTH-SERVICE/DESKTOP-I56EJUR:auth-service:8086?status=UP&lastDirtyTimestamp=1774685336151
2026-03-28 13:49:16 [DiscoveryClient-CacheRefreshExecutor-%d] DEBUG o.s.web.client.RestTemplate - Accept=[application/json, application/*+json]
2026-03-28 13:49:16 [DiscoveryClient-HeartbeatExecutor-%d] DEBUG o.s.web.client.RestTemplate - Accept=[application/json, application/*+json]
2026-03-28 13:49:16 [DiscoveryClient-CacheRefreshExecutor-%d] DEBUG o.s.web.client.RestTemplate - Response 200 OK
2026-03-28 13:49:16 [DiscoveryClient-HeartbeatExecutor-%d] DEBUG o.s.web.client.RestTemplate - Response 200 OK
2026-03-28 13:49:16 [DiscoveryClient-CacheRefreshExecutor-%d] DEBUG o.s.web.client.RestTemplate - Reading to [org.springframework.cloud.netflix.eureka.http.EurekaApplications]
2026-03-28 13:49:46 [DiscoveryClient-HeartbeatExecutor-%d] DEBUG o.s.web.client.RestTemplate - HTTP PUT http://localhost:8761/eureka/apps/AUTH-SERVICE/DESKTOP-I56EJUR:auth-service:8086?status=UP&lastDirtyTimestamp=1774685336151
2026-03-28 13:49:46 [DiscoveryClient-HeartbeatExecutor-%d] DEBUG o.s.web.client.RestTemplate - Accept=[application/json, application/*+json]
2026-03-28 13:49:46 [DiscoveryClient-CacheRefreshExecutor-%d] DEBUG o.s.web.client.RestTemplate - HTTP GET http://localhost:8761/eureka/apps/delta
2026-03-28 13:49:46 [DiscoveryClient-CacheRefreshExecutor-%d] DEBUG o.s.web.client.RestTemplate - Accept=[application/json, application/*+json]
2026-03-28 13:49:46 [DiscoveryClient-CacheRefreshExecutor-%d] DEBUG o.s.web.client.RestTemplate - Response 200 OK
2026-03-28 13:49:46 [DiscoveryClient-CacheRefreshExecutor-%d] DEBUG o.s.web.client.RestTemplate - Reading to [org.springframework.cloud.netflix.eureka.http.EurekaApplications]
2026-03-28 13:49:46 [DiscoveryClient-HeartbeatExecutor-%d] DEBUG o.s.web.client.RestTemplate - Response 200 OK
2026-03-28 13:50:16 [DiscoveryClient-HeartbeatExecutor-%d] DEBUG o.s.web.client.RestTemplate - HTTP PUT http://localhost:8761/eureka/apps/AUTH-SERVICE/DESKTOP-I56EJUR:auth-service:8086?status=UP&lastDirtyTimestamp=1774685336151
2026-03-28 13:50:16 [DiscoveryClient-CacheRefreshExecutor-%d] DEBUG o.s.web.client.RestTemplate - HTTP GET http://localhost:8761/eureka/apps/delta
2026-03-28 13:50:16 [DiscoveryClient-HeartbeatExecutor-%d] DEBUG o.s.web.client.RestTemplate - Accept=[application/json, application/*+json]
2026-03-28 13:50:16 [DiscoveryClient-CacheRefreshExecutor-%d] DEBUG o.s.web.client.RestTemplate - Accept=[application/json, application/*+json]
2026-03-28 13:50:16 [DiscoveryClient-HeartbeatExecutor-%d] DEBUG o.s.web.client.RestTemplate - Response 200 OK
2026-03-28 13:50:16 [DiscoveryClient-CacheRefreshExecutor-%d] DEBUG o.s.web.client.RestTemplate - Response 200 OK
2026-03-28 13:50:16 [DiscoveryClient-CacheRefreshExecutor-%d] DEBUG o.s.web.client.RestTemplate - Reading to [org.springframework.cloud.netflix.eureka.http.EurekaApplications]
2026-03-28 13:50:45 [AsyncResolver-bootstrap-executor-%d] INFO  c.n.d.s.r.aws.ConfigClusterResolver - Resolving eureka endpoints via configuration
2026-03-28 13:50:46 [DiscoveryClient-CacheRefreshExecutor-%d] DEBUG o.s.web.client.RestTemplate - HTTP GET http://localhost:8761/eureka/apps/delta
2026-03-28 13:50:46 [DiscoveryClient-CacheRefreshExecutor-%d] DEBUG o.s.web.client.RestTemplate - Accept=[application/json, application/*+json]
2026-03-28 13:50:46 [DiscoveryClient-CacheRefreshExecutor-%d] DEBUG o.s.web.client.RestTemplate - Response 200 OK
2026-03-28 13:50:46 [DiscoveryClient-CacheRefreshExecutor-%d] DEBUG o.s.web.client.RestTemplate - Reading to [org.springframework.cloud.netflix.eureka.http.EurekaApplications]
2026-03-28 13:50:46 [DiscoveryClient-HeartbeatExecutor-%d] DEBUG o.s.web.client.RestTemplate - HTTP PUT http://localhost:8761/eureka/apps/AUTH-SERVICE/DESKTOP-I56EJUR:auth-service:8086?status=UP&lastDirtyTimestamp=1774685336151
2026-03-28 13:50:46 [DiscoveryClient-HeartbeatExecutor-%d] DEBUG o.s.web.client.RestTemplate - Accept=[application/json, application/*+json]
2026-03-28 13:50:47 [DiscoveryClient-HeartbeatExecutor-%d] DEBUG o.s.web.client.RestTemplate - Response 200 OK
2026-03-28 13:51:16 [DiscoveryClient-CacheRefreshExecutor-%d] DEBUG o.s.web.client.RestTemplate - HTTP GET http://localhost:8761/eureka/apps/delta
2026-03-28 13:51:16 [DiscoveryClient-CacheRefreshExecutor-%d] DEBUG o.s.web.client.RestTemplate - Accept=[application/json, application/*+json]
2026-03-28 13:51:16 [DiscoveryClient-CacheRefreshExecutor-%d] DEBUG o.s.web.client.RestTemplate - Response 200 OK
2026-03-28 13:51:17 [DiscoveryClient-CacheRefreshExecutor-%d] DEBUG o.s.web.client.RestTemplate - Reading to [org.springframework.cloud.netflix.eureka.http.EurekaApplications]
2026-03-28 13:51:17 [DiscoveryClient-HeartbeatExecutor-%d] DEBUG o.s.web.client.RestTemplate - HTTP PUT http://localhost:8761/eureka/apps/AUTH-SERVICE/DESKTOP-I56EJUR:auth-service:8086?status=UP&lastDirtyTimestamp=1774685336151
2026-03-28 13:51:17 [DiscoveryClient-HeartbeatExecutor-%d] DEBUG o.s.web.client.RestTemplate - Accept=[application/json, application/*+json]
2026-03-28 13:51:17 [DiscoveryClient-HeartbeatExecutor-%d] DEBUG o.s.web.client.RestTemplate - Response 200 OK
2026-03-28 13:51:47 [DiscoveryClient-CacheRefreshExecutor-%d] DEBUG o.s.web.client.RestTemplate - HTTP GET http://localhost:8761/eureka/apps/delta
2026-03-28 13:51:47 [DiscoveryClient-CacheRefreshExecutor-%d] DEBUG o.s.web.client.RestTemplate - Accept=[application/json, application/*+json]
2026-03-28 13:51:47 [DiscoveryClient-CacheRefreshExecutor-%d] DEBUG o.s.web.client.RestTemplate - Response 200 OK
2026-03-28 13:51:47 [DiscoveryClient-CacheRefreshExecutor-%d] DEBUG o.s.web.client.RestTemplate - Reading to [org.springframework.cloud.netflix.eureka.http.EurekaApplications]
2026-03-28 13:51:47 [DiscoveryClient-HeartbeatExecutor-%d] DEBUG o.s.web.client.RestTemplate - HTTP PUT http://localhost:8761/eureka/apps/AUTH-SERVICE/DESKTOP-I56EJUR:auth-service:8086?status=UP&lastDirtyTimestamp=1774685336151
2026-03-28 13:51:47 [DiscoveryClient-HeartbeatExecutor-%d] DEBUG o.s.web.client.RestTemplate - Accept=[application/json, application/*+json]
2026-03-28 13:51:47 [DiscoveryClient-HeartbeatExecutor-%d] DEBUG o.s.web.client.RestTemplate - Response 200 OK
2026-03-28 13:52:17 [DiscoveryClient-CacheRefreshExecutor-%d] DEBUG o.s.web.client.RestTemplate - HTTP GET http://localhost:8761/eureka/apps/delta
2026-03-28 13:52:17 [DiscoveryClient-CacheRefreshExecutor-%d] DEBUG o.s.web.client.RestTemplate - Accept=[application/json, application/*+json]
2026-03-28 13:52:17 [DiscoveryClient-CacheRefreshExecutor-%d] DEBUG o.s.web.client.RestTemplate - Response 200 OK
2026-03-28 13:52:17 [DiscoveryClient-CacheRefreshExecutor-%d] DEBUG o.s.web.client.RestTemplate - Reading to [org.springframework.cloud.netflix.eureka.http.EurekaApplications]
2026-03-28 13:52:17 [DiscoveryClient-HeartbeatExecutor-%d] DEBUG o.s.web.client.RestTemplate - HTTP PUT http://localhost:8761/eureka/apps/AUTH-SERVICE/DESKTOP-I56EJUR:auth-service:8086?status=UP&lastDirtyTimestamp=1774685336151
2026-03-28 13:52:17 [DiscoveryClient-HeartbeatExecutor-%d] DEBUG o.s.web.client.RestTemplate - Accept=[application/json, application/*+json]
2026-03-28 13:52:17 [DiscoveryClient-HeartbeatExecutor-%d] DEBUG o.s.web.client.RestTemplate - Response 200 OK
2026-03-28 13:52:47 [DiscoveryClient-CacheRefreshExecutor-%d] DEBUG o.s.web.client.RestTemplate - HTTP GET http://localhost:8761/eureka/apps/delta
2026-03-28 13:52:47 [DiscoveryClient-CacheRefreshExecutor-%d] DEBUG o.s.web.client.RestTemplate - Accept=[application/json, application/*+json]
2026-03-28 13:52:47 [DiscoveryClient-CacheRefreshExecutor-%d] DEBUG o.s.web.client.RestTemplate - Response 200 OK
2026-03-28 13:52:47 [DiscoveryClient-CacheRefreshExecutor-%d] DEBUG o.s.web.client.RestTemplate - Reading to [org.springframework.cloud.netflix.eureka.http.EurekaApplications]
2026-03-28 13:52:47 [DiscoveryClient-HeartbeatExecutor-%d] DEBUG o.s.web.client.RestTemplate - HTTP PUT http://localhost:8761/eureka/apps/AUTH-SERVICE/DESKTOP-I56EJUR:auth-service:8086?status=UP&lastDirtyTimestamp=1774685336151
2026-03-28 13:52:47 [DiscoveryClient-HeartbeatExecutor-%d] DEBUG o.s.web.client.RestTemplate - Accept=[application/json, application/*+json]
2026-03-28 13:52:47 [DiscoveryClient-HeartbeatExecutor-%d] DEBUG o.s.web.client.RestTemplate - Response 200 OK
2026-03-28 13:53:17 [DiscoveryClient-CacheRefreshExecutor-%d] DEBUG o.s.web.client.RestTemplate - HTTP GET http://localhost:8761/eureka/apps/delta
2026-03-28 13:53:17 [DiscoveryClient-CacheRefreshExecutor-%d] DEBUG o.s.web.client.RestTemplate - Accept=[application/json, application/*+json]
2026-03-28 13:53:17 [DiscoveryClient-CacheRefreshExecutor-%d] DEBUG o.s.web.client.RestTemplate - Response 200 OK
2026-03-28 13:53:17 [DiscoveryClient-CacheRefreshExecutor-%d] DEBUG o.s.web.client.RestTemplate - Reading to [org.springframework.cloud.netflix.eureka.http.EurekaApplications]
2026-03-28 13:53:17 [DiscoveryClient-HeartbeatExecutor-%d] DEBUG o.s.web.client.RestTemplate - HTTP PUT http://localhost:8761/eureka/apps/AUTH-SERVICE/DESKTOP-I56EJUR:auth-service:8086?status=UP&lastDirtyTimestamp=1774685336151
2026-03-28 13:53:17 [DiscoveryClient-HeartbeatExecutor-%d] DEBUG o.s.web.client.RestTemplate - Accept=[application/json, application/*+json]
2026-03-28 13:53:17 [DiscoveryClient-HeartbeatExecutor-%d] DEBUG o.s.web.client.RestTemplate - Response 200 OK
2026-03-28 13:54:46 [HikariPool-1 housekeeper] WARN  com.zaxxer.hikari.pool.HikariPool - HikariPool-1 - Thread starvation or clock leap detected (housekeeper delta=1m35s841ms481µs100ns).
2026-03-28 13:54:52 [DiscoveryClient-CacheRefreshExecutor-%d] DEBUG o.s.web.client.RestTemplate - HTTP GET http://localhost:8761/eureka/apps/delta
2026-03-28 13:54:52 [DiscoveryClient-HeartbeatExecutor-%d] DEBUG o.s.web.client.RestTemplate - HTTP PUT http://localhost:8761/eureka/apps/AUTH-SERVICE/DESKTOP-I56EJUR:auth-service:8086?status=UP&lastDirtyTimestamp=1774685336151
2026-03-28 13:54:52 [DiscoveryClient-HeartbeatExecutor-%d] DEBUG o.s.web.client.RestTemplate - Accept=[application/json, application/*+json]
2026-03-28 13:54:52 [DiscoveryClient-CacheRefreshExecutor-%d] DEBUG o.s.web.client.RestTemplate - Accept=[application/json, application/*+json]
2026-03-28 13:54:52 [DiscoveryClient-HeartbeatExecutor-%d] DEBUG o.s.web.client.RestTemplate - Response 200 OK
2026-03-28 13:54:52 [DiscoveryClient-CacheRefreshExecutor-%d] DEBUG o.s.web.client.RestTemplate - Response 200 OK
2026-03-28 13:54:52 [DiscoveryClient-CacheRefreshExecutor-%d] DEBUG o.s.web.client.RestTemplate - Reading to [org.springframework.cloud.netflix.eureka.http.EurekaApplications]
2026-03-28 13:55:22 [DiscoveryClient-HeartbeatExecutor-%d] DEBUG o.s.web.client.RestTemplate - HTTP PUT http://localhost:8761/eureka/apps/AUTH-SERVICE/DESKTOP-I56EJUR:auth-service:8086?status=UP&lastDirtyTimestamp=1774685336151
2026-03-28 13:55:22 [DiscoveryClient-HeartbeatExecutor-%d] DEBUG o.s.web.client.RestTemplate - Accept=[application/json, application/*+json]
2026-03-28 13:55:22 [DiscoveryClient-CacheRefreshExecutor-%d] DEBUG o.s.web.client.RestTemplate - HTTP GET http://localhost:8761/eureka/apps/delta
2026-03-28 13:55:22 [DiscoveryClient-CacheRefreshExecutor-%d] DEBUG o.s.web.client.RestTemplate - Accept=[application/json, application/*+json]
2026-03-28 13:55:22 [DiscoveryClient-HeartbeatExecutor-%d] DEBUG o.s.web.client.RestTemplate - Response 200 OK
2026-03-28 13:55:23 [DiscoveryClient-CacheRefreshExecutor-%d] DEBUG o.s.web.client.RestTemplate - Response 200 OK
2026-03-28 13:55:23 [DiscoveryClient-CacheRefreshExecutor-%d] DEBUG o.s.web.client.RestTemplate - Reading to [org.springframework.cloud.netflix.eureka.http.EurekaApplications]
2026-03-28 13:55:52 [DiscoveryClient-HeartbeatExecutor-%d] DEBUG o.s.web.client.RestTemplate - HTTP PUT http://localhost:8761/eureka/apps/AUTH-SERVICE/DESKTOP-I56EJUR:auth-service:8086?status=UP&lastDirtyTimestamp=1774685336151
2026-03-28 13:55:53 [DiscoveryClient-HeartbeatExecutor-%d] DEBUG o.s.web.client.RestTemplate - Accept=[application/json, application/*+json]
2026-03-28 13:55:53 [DiscoveryClient-CacheRefreshExecutor-%d] DEBUG o.s.web.client.RestTemplate - HTTP GET http://localhost:8761/eureka/apps/delta
2026-03-28 13:55:53 [DiscoveryClient-CacheRefreshExecutor-%d] DEBUG o.s.web.client.RestTemplate - Accept=[application/json, application/*+json]
2026-03-28 13:55:53 [DiscoveryClient-HeartbeatExecutor-%d] DEBUG o.s.web.client.RestTemplate - Response 200 OK
2026-03-28 13:55:53 [DiscoveryClient-CacheRefreshExecutor-%d] DEBUG o.s.web.client.RestTemplate - Response 200 OK
2026-03-28 13:55:53 [DiscoveryClient-CacheRefreshExecutor-%d] DEBUG o.s.web.client.RestTemplate - Reading to [org.springframework.cloud.netflix.eureka.http.EurekaApplications]
2026-03-28 13:56:23 [DiscoveryClient-HeartbeatExecutor-%d] DEBUG o.s.web.client.RestTemplate - HTTP PUT http://localhost:8761/eureka/apps/AUTH-SERVICE/DESKTOP-I56EJUR:auth-service:8086?status=UP&lastDirtyTimestamp=1774685336151
2026-03-28 13:56:23 [DiscoveryClient-HeartbeatExecutor-%d] DEBUG o.s.web.client.RestTemplate - Accept=[application/json, application/*+json]
2026-03-28 13:56:23 [DiscoveryClient-CacheRefreshExecutor-%d] DEBUG o.s.web.client.RestTemplate - HTTP GET http://localhost:8761/eureka/apps/delta
2026-03-28 13:56:23 [DiscoveryClient-HeartbeatExecutor-%d] DEBUG o.s.web.client.RestTemplate - Response 200 OK
2026-03-28 13:56:23 [DiscoveryClient-CacheRefreshExecutor-%d] DEBUG o.s.web.client.RestTemplate - Accept=[application/json, application/*+json]
2026-03-28 13:56:23 [DiscoveryClient-CacheRefreshExecutor-%d] DEBUG o.s.web.client.RestTemplate - Response 200 OK
2026-03-28 13:56:23 [DiscoveryClient-CacheRefreshExecutor-%d] DEBUG o.s.web.client.RestTemplate - Reading to [org.springframework.cloud.netflix.eureka.http.EurekaApplications]
2026-03-28 13:56:51 [AsyncResolver-bootstrap-executor-%d] INFO  c.n.d.s.r.aws.ConfigClusterResolver - Resolving eureka endpoints via configuration
2026-03-28 13:56:53 [DiscoveryClient-HeartbeatExecutor-%d] DEBUG o.s.web.client.RestTemplate - HTTP PUT http://localhost:8761/eureka/apps/AUTH-SERVICE/DESKTOP-I56EJUR:auth-service:8086?status=UP&lastDirtyTimestamp=1774685336151
2026-03-28 13:56:53 [DiscoveryClient-HeartbeatExecutor-%d] DEBUG o.s.web.client.RestTemplate - Accept=[application/json, application/*+json]
2026-03-28 13:56:53 [DiscoveryClient-CacheRefreshExecutor-%d] DEBUG o.s.web.client.RestTemplate - HTTP GET http://localhost:8761/eureka/apps/delta
2026-03-28 13:56:53 [DiscoveryClient-CacheRefreshExecutor-%d] DEBUG o.s.web.client.RestTemplate - Accept=[application/json, application/*+json]
2026-03-28 13:56:53 [DiscoveryClient-HeartbeatExecutor-%d] DEBUG o.s.web.client.RestTemplate - Response 200 OK
2026-03-28 13:56:53 [DiscoveryClient-CacheRefreshExecutor-%d] DEBUG o.s.web.client.RestTemplate - Response 200 OK
2026-03-28 13:56:53 [DiscoveryClient-CacheRefreshExecutor-%d] DEBUG o.s.web.client.RestTemplate - Reading to [org.springframework.cloud.netflix.eureka.http.EurekaApplications]
2026-03-28 13:57:23 [DiscoveryClient-HeartbeatExecutor-%d] DEBUG o.s.web.client.RestTemplate - HTTP PUT http://localhost:8761/eureka/apps/AUTH-SERVICE/DESKTOP-I56EJUR:auth-service:8086?status=UP&lastDirtyTimestamp=1774685336151
2026-03-28 13:57:23 [DiscoveryClient-HeartbeatExecutor-%d] DEBUG o.s.web.client.RestTemplate - Accept=[application/json, application/*+json]
2026-03-28 13:57:23 [DiscoveryClient-HeartbeatExecutor-%d] DEBUG o.s.web.client.RestTemplate - Response 200 OK
2026-03-28 13:57:23 [DiscoveryClient-CacheRefreshExecutor-%d] DEBUG o.s.web.client.RestTemplate - HTTP GET http://localhost:8761/eureka/apps/delta
2026-03-28 13:57:23 [DiscoveryClient-CacheRefreshExecutor-%d] DEBUG o.s.web.client.RestTemplate - Accept=[application/json, application/*+json]
2026-03-28 13:57:23 [DiscoveryClient-CacheRefreshExecutor-%d] DEBUG o.s.web.client.RestTemplate - Response 200 OK
2026-03-28 13:57:23 [DiscoveryClient-CacheRefreshExecutor-%d] DEBUG o.s.web.client.RestTemplate - Reading to [org.springframework.cloud.netflix.eureka.http.EurekaApplications]
2026-03-28 13:57:53 [DiscoveryClient-HeartbeatExecutor-%d] DEBUG o.s.web.client.RestTemplate - HTTP PUT http://localhost:8761/eureka/apps/AUTH-SERVICE/DESKTOP-I56EJUR:auth-service:8086?status=UP&lastDirtyTimestamp=1774685336151
2026-03-28 13:57:53 [DiscoveryClient-HeartbeatExecutor-%d] DEBUG o.s.web.client.RestTemplate - Accept=[application/json, application/*+json]
2026-03-28 13:57:53 [DiscoveryClient-CacheRefreshExecutor-%d] DEBUG o.s.web.client.RestTemplate - HTTP GET http://localhost:8761/eureka/apps/delta
2026-03-28 13:57:53 [DiscoveryClient-CacheRefreshExecutor-%d] DEBUG o.s.web.client.RestTemplate - Accept=[application/json, application/*+json]
2026-03-28 13:57:53 [DiscoveryClient-HeartbeatExecutor-%d] DEBUG o.s.web.client.RestTemplate - Response 200 OK
2026-03-28 13:57:53 [DiscoveryClient-CacheRefreshExecutor-%d] DEBUG o.s.web.client.RestTemplate - Response 200 OK
2026-03-28 13:57:53 [DiscoveryClient-CacheRefreshExecutor-%d] DEBUG o.s.web.client.RestTemplate - Reading to [org.springframework.cloud.netflix.eureka.http.EurekaApplications]
2026-03-28 13:58:23 [DiscoveryClient-CacheRefreshExecutor-%d] DEBUG o.s.web.client.RestTemplate - HTTP GET http://localhost:8761/eureka/apps/delta
2026-03-28 13:58:23 [DiscoveryClient-HeartbeatExecutor-%d] DEBUG o.s.web.client.RestTemplate - HTTP PUT http://localhost:8761/eureka/apps/AUTH-SERVICE/DESKTOP-I56EJUR:auth-service:8086?status=UP&lastDirtyTimestamp=1774685336151
2026-03-28 13:58:23 [DiscoveryClient-HeartbeatExecutor-%d] DEBUG o.s.web.client.RestTemplate - Accept=[application/json, application/*+json]
2026-03-28 13:58:23 [DiscoveryClient-CacheRefreshExecutor-%d] DEBUG o.s.web.client.RestTemplate - Accept=[application/json, application/*+json]
2026-03-28 13:58:23 [DiscoveryClient-HeartbeatExecutor-%d] DEBUG o.s.web.client.RestTemplate - Response 200 OK
2026-03-28 13:58:23 [DiscoveryClient-CacheRefreshExecutor-%d] DEBUG o.s.web.client.RestTemplate - Response 200 OK
2026-03-28 13:58:23 [DiscoveryClient-CacheRefreshExecutor-%d] DEBUG o.s.web.client.RestTemplate - Reading to [org.springframework.cloud.netflix.eureka.http.EurekaApplications]
2026-03-28 13:58:53 [DiscoveryClient-CacheRefreshExecutor-%d] DEBUG o.s.web.client.RestTemplate - HTTP GET http://localhost:8761/eureka/apps/delta
2026-03-28 13:58:53 [DiscoveryClient-HeartbeatExecutor-%d] DEBUG o.s.web.client.RestTemplate - HTTP PUT http://localhost:8761/eureka/apps/AUTH-SERVICE/DESKTOP-I56EJUR:auth-service:8086?status=UP&lastDirtyTimestamp=1774685336151
2026-03-28 13:58:53 [DiscoveryClient-CacheRefreshExecutor-%d] DEBUG o.s.web.client.RestTemplate - Accept=[application/json, application/*+json]
2026-03-28 13:58:53 [DiscoveryClient-HeartbeatExecutor-%d] DEBUG o.s.web.client.RestTemplate - Accept=[application/json, application/*+json]
2026-03-28 13:58:53 [DiscoveryClient-HeartbeatExecutor-%d] DEBUG o.s.web.client.RestTemplate - Response 200 OK
2026-03-28 13:58:53 [DiscoveryClient-CacheRefreshExecutor-%d] DEBUG o.s.web.client.RestTemplate - Response 200 OK
2026-03-28 13:58:53 [DiscoveryClient-CacheRefreshExecutor-%d] DEBUG o.s.web.client.RestTemplate - Reading to [org.springframework.cloud.netflix.eureka.http.EurekaApplications]
2026-03-28 13:59:23 [DiscoveryClient-HeartbeatExecutor-%d] DEBUG o.s.web.client.RestTemplate - HTTP PUT http://localhost:8761/eureka/apps/AUTH-SERVICE/DESKTOP-I56EJUR:auth-service:8086?status=UP&lastDirtyTimestamp=1774685336151
2026-03-28 13:59:23 [DiscoveryClient-CacheRefreshExecutor-%d] DEBUG o.s.web.client.RestTemplate - HTTP GET http://localhost:8761/eureka/apps/delta
2026-03-28 13:59:23 [DiscoveryClient-HeartbeatExecutor-%d] DEBUG o.s.web.client.RestTemplate - Accept=[application/json, application/*+json]
2026-03-28 13:59:23 [DiscoveryClient-CacheRefreshExecutor-%d] DEBUG o.s.web.client.RestTemplate - Accept=[application/json, application/*+json]
2026-03-28 13:59:23 [DiscoveryClient-HeartbeatExecutor-%d] DEBUG o.s.web.client.RestTemplate - Response 200 OK
2026-03-28 13:59:23 [DiscoveryClient-CacheRefreshExecutor-%d] DEBUG o.s.web.client.RestTemplate - Response 200 OK
2026-03-28 13:59:23 [DiscoveryClient-CacheRefreshExecutor-%d] DEBUG o.s.web.client.RestTemplate - Reading to [org.springframework.cloud.netflix.eureka.http.EurekaApplications]
2026-03-28 13:59:53 [DiscoveryClient-CacheRefreshExecutor-%d] DEBUG o.s.web.client.RestTemplate - HTTP GET http://localhost:8761/eureka/apps/delta
2026-03-28 13:59:53 [DiscoveryClient-HeartbeatExecutor-%d] DEBUG o.s.web.client.RestTemplate - HTTP PUT http://localhost:8761/eureka/apps/AUTH-SERVICE/DESKTOP-I56EJUR:auth-service:8086?status=UP&lastDirtyTimestamp=1774685336151
2026-03-28 13:59:53 [DiscoveryClient-HeartbeatExecutor-%d] DEBUG o.s.web.client.RestTemplate - Accept=[application/json, application/*+json]
2026-03-28 13:59:53 [DiscoveryClient-CacheRefreshExecutor-%d] DEBUG o.s.web.client.RestTemplate - Accept=[application/json, application/*+json]
2026-03-28 13:59:53 [DiscoveryClient-HeartbeatExecutor-%d] DEBUG o.s.web.client.RestTemplate - Response 200 OK
2026-03-28 13:59:53 [DiscoveryClient-CacheRefreshExecutor-%d] DEBUG o.s.web.client.RestTemplate - Response 200 OK
2026-03-28 13:59:53 [DiscoveryClient-CacheRefreshExecutor-%d] DEBUG o.s.web.client.RestTemplate - Reading to [org.springframework.cloud.netflix.eureka.http.EurekaApplications]
2026-03-28 14:00:23 [DiscoveryClient-HeartbeatExecutor-%d] DEBUG o.s.web.client.RestTemplate - HTTP PUT http://localhost:8761/eureka/apps/AUTH-SERVICE/DESKTOP-I56EJUR:auth-service:8086?status=UP&lastDirtyTimestamp=1774685336151
2026-03-28 14:00:23 [DiscoveryClient-CacheRefreshExecutor-%d] DEBUG o.s.web.client.RestTemplate - HTTP GET http://localhost:8761/eureka/apps/delta
2026-03-28 14:00:23 [DiscoveryClient-CacheRefreshExecutor-%d] DEBUG o.s.web.client.RestTemplate - Accept=[application/json, application/*+json]
2026-03-28 14:00:23 [DiscoveryClient-HeartbeatExecutor-%d] DEBUG o.s.web.client.RestTemplate - Accept=[application/json, application/*+json]
2026-03-28 14:00:23 [DiscoveryClient-HeartbeatExecutor-%d] DEBUG o.s.web.client.RestTemplate - Response 200 OK
2026-03-28 14:00:23 [DiscoveryClient-CacheRefreshExecutor-%d] DEBUG o.s.web.client.RestTemplate - Response 200 OK
2026-03-28 14:00:23 [DiscoveryClient-CacheRefreshExecutor-%d] DEBUG o.s.web.client.RestTemplate - Reading to [org.springframework.cloud.netflix.eureka.http.EurekaApplications]
2026-03-28 14:00:53 [DiscoveryClient-CacheRefreshExecutor-%d] DEBUG o.s.web.client.RestTemplate - HTTP GET http://localhost:8761/eureka/apps/delta
2026-03-28 14:00:53 [DiscoveryClient-HeartbeatExecutor-%d] DEBUG o.s.web.client.RestTemplate - HTTP PUT http://localhost:8761/eureka/apps/AUTH-SERVICE/DESKTOP-I56EJUR:auth-service:8086?status=UP&lastDirtyTimestamp=1774685336151
2026-03-28 14:00:53 [DiscoveryClient-CacheRefreshExecutor-%d] DEBUG o.s.web.client.RestTemplate - Accept=[application/json, application/*+json]
2026-03-28 14:00:53 [DiscoveryClient-HeartbeatExecutor-%d] DEBUG o.s.web.client.RestTemplate - Accept=[application/json, application/*+json]
2026-03-28 14:00:53 [DiscoveryClient-HeartbeatExecutor-%d] DEBUG o.s.web.client.RestTemplate - Response 200 OK
2026-03-28 14:00:53 [DiscoveryClient-CacheRefreshExecutor-%d] DEBUG o.s.web.client.RestTemplate - Response 200 OK
2026-03-28 14:00:53 [DiscoveryClient-CacheRefreshExecutor-%d] DEBUG o.s.web.client.RestTemplate - Reading to [org.springframework.cloud.netflix.eureka.http.EurekaApplications]
2026-03-28 14:01:23 [DiscoveryClient-HeartbeatExecutor-%d] DEBUG o.s.web.client.RestTemplate - HTTP PUT http://localhost:8761/eureka/apps/AUTH-SERVICE/DESKTOP-I56EJUR:auth-service:8086?status=UP&lastDirtyTimestamp=1774685336151
2026-03-28 14:01:23 [DiscoveryClient-CacheRefreshExecutor-%d] DEBUG o.s.web.client.RestTemplate - HTTP GET http://localhost:8761/eureka/apps/delta
2026-03-28 14:01:23 [DiscoveryClient-HeartbeatExecutor-%d] DEBUG o.s.web.client.RestTemplate - Accept=[application/json, application/*+json]
2026-03-28 14:01:23 [DiscoveryClient-CacheRefreshExecutor-%d] DEBUG o.s.web.client.RestTemplate - Accept=[application/json, application/*+json]
2026-03-28 14:01:23 [DiscoveryClient-CacheRefreshExecutor-%d] DEBUG o.s.web.client.RestTemplate - Response 200 OK
2026-03-28 14:01:23 [DiscoveryClient-CacheRefreshExecutor-%d] DEBUG o.s.web.client.RestTemplate - Reading to [org.springframework.cloud.netflix.eureka.http.EurekaApplications]
2026-03-28 14:01:23 [DiscoveryClient-HeartbeatExecutor-%d] DEBUG o.s.web.client.RestTemplate - Response 200 OK
2026-03-28 14:01:51 [AsyncResolver-bootstrap-executor-%d] INFO  c.n.d.s.r.aws.ConfigClusterResolver - Resolving eureka endpoints via configuration
2026-03-28 14:01:53 [DiscoveryClient-CacheRefreshExecutor-%d] DEBUG o.s.web.client.RestTemplate - HTTP GET http://localhost:8761/eureka/apps/delta
2026-03-28 14:01:53 [DiscoveryClient-CacheRefreshExecutor-%d] DEBUG o.s.web.client.RestTemplate - Accept=[application/json, application/*+json]
2026-03-28 14:01:53 [DiscoveryClient-HeartbeatExecutor-%d] DEBUG o.s.web.client.RestTemplate - HTTP PUT http://localhost:8761/eureka/apps/AUTH-SERVICE/DESKTOP-I56EJUR:auth-service:8086?status=UP&lastDirtyTimestamp=1774685336151
2026-03-28 14:01:53 [DiscoveryClient-HeartbeatExecutor-%d] DEBUG o.s.web.client.RestTemplate - Accept=[application/json, application/*+json]
2026-03-28 14:01:53 [DiscoveryClient-CacheRefreshExecutor-%d] DEBUG o.s.web.client.RestTemplate - Response 200 OK
2026-03-28 14:01:53 [DiscoveryClient-CacheRefreshExecutor-%d] DEBUG o.s.web.client.RestTemplate - Reading to [org.springframework.cloud.netflix.eureka.http.EurekaApplications]
2026-03-28 14:01:53 [DiscoveryClient-HeartbeatExecutor-%d] DEBUG o.s.web.client.RestTemplate - Response 200 OK
2026-03-28 14:02:23 [DiscoveryClient-CacheRefreshExecutor-%d] DEBUG o.s.web.client.RestTemplate - HTTP GET http://localhost:8761/eureka/apps/delta
2026-03-28 14:02:23 [DiscoveryClient-CacheRefreshExecutor-%d] DEBUG o.s.web.client.RestTemplate - Accept=[application/json, application/*+json]
2026-03-28 14:02:23 [DiscoveryClient-HeartbeatExecutor-%d] DEBUG o.s.web.client.RestTemplate - HTTP PUT http://localhost:8761/eureka/apps/AUTH-SERVICE/DESKTOP-I56EJUR:auth-service:8086?status=UP&lastDirtyTimestamp=1774685336151
2026-03-28 14:02:23 [DiscoveryClient-HeartbeatExecutor-%d] DEBUG o.s.web.client.RestTemplate - Accept=[application/json, application/*+json]
2026-03-28 14:02:23 [DiscoveryClient-CacheRefreshExecutor-%d] DEBUG o.s.web.client.RestTemplate - Response 200 OK
2026-03-28 14:02:23 [DiscoveryClient-CacheRefreshExecutor-%d] DEBUG o.s.web.client.RestTemplate - Reading to [org.springframework.cloud.netflix.eureka.http.EurekaApplications]
2026-03-28 14:02:23 [DiscoveryClient-HeartbeatExecutor-%d] DEBUG o.s.web.client.RestTemplate - Response 200 OK
2026-03-28 14:09:28 [HikariPool-1 housekeeper] WARN  com.zaxxer.hikari.pool.HikariPool - HikariPool-1 - Thread starvation or clock leap detected (housekeeper delta=7m11s833ms932µs500ns).
2026-03-28 14:09:35 [DiscoveryClient-HeartbeatExecutor-%d] DEBUG o.s.web.client.RestTemplate - HTTP PUT http://localhost:8761/eureka/apps/AUTH-SERVICE/DESKTOP-I56EJUR:auth-service:8086?status=UP&lastDirtyTimestamp=1774685336151
2026-03-28 14:09:35 [DiscoveryClient-HeartbeatExecutor-%d] DEBUG o.s.web.client.RestTemplate - Accept=[application/json, application/*+json]
2026-03-28 14:09:35 [DiscoveryClient-HeartbeatExecutor-%d] DEBUG o.s.web.client.RestTemplate - Response 200 OK
2026-03-28 14:09:35 [DiscoveryClient-CacheRefreshExecutor-%d] DEBUG o.s.web.client.RestTemplate - HTTP GET http://localhost:8761/eureka/apps/delta
2026-03-28 14:09:35 [DiscoveryClient-CacheRefreshExecutor-%d] DEBUG o.s.web.client.RestTemplate - Accept=[application/json, application/*+json]
2026-03-28 14:09:35 [DiscoveryClient-CacheRefreshExecutor-%d] DEBUG o.s.web.client.RestTemplate - Response 200 OK
2026-03-28 14:09:35 [DiscoveryClient-CacheRefreshExecutor-%d] DEBUG o.s.web.client.RestTemplate - Reading to [org.springframework.cloud.netflix.eureka.http.EurekaApplications]
2026-03-28 14:10:05 [DiscoveryClient-HeartbeatExecutor-%d] DEBUG o.s.web.client.RestTemplate - HTTP PUT http://localhost:8761/eureka/apps/AUTH-SERVICE/DESKTOP-I56EJUR:auth-service:8086?status=UP&lastDirtyTimestamp=1774685336151
2026-03-28 14:10:05 [DiscoveryClient-HeartbeatExecutor-%d] DEBUG o.s.web.client.RestTemplate - Accept=[application/json, application/*+json]
2026-03-28 14:10:05 [DiscoveryClient-HeartbeatExecutor-%d] DEBUG o.s.web.client.RestTemplate - Response 200 OK
2026-03-28 14:10:05 [DiscoveryClient-CacheRefreshExecutor-%d] DEBUG o.s.web.client.RestTemplate - HTTP GET http://localhost:8761/eureka/apps/delta
2026-03-28 14:10:05 [DiscoveryClient-CacheRefreshExecutor-%d] DEBUG o.s.web.client.RestTemplate - Accept=[application/json, application/*+json]
2026-03-28 14:10:05 [DiscoveryClient-CacheRefreshExecutor-%d] DEBUG o.s.web.client.RestTemplate - Response 200 OK
2026-03-28 14:10:05 [DiscoveryClient-CacheRefreshExecutor-%d] DEBUG o.s.web.client.RestTemplate - Reading to [org.springframework.cloud.netflix.eureka.http.EurekaApplications]
2026-03-28 14:10:35 [DiscoveryClient-CacheRefreshExecutor-%d] DEBUG o.s.web.client.RestTemplate - HTTP GET http://localhost:8761/eureka/apps/delta
2026-03-28 14:10:35 [DiscoveryClient-HeartbeatExecutor-%d] DEBUG o.s.web.client.RestTemplate - HTTP PUT http://localhost:8761/eureka/apps/AUTH-SERVICE/DESKTOP-I56EJUR:auth-service:8086?status=UP&lastDirtyTimestamp=1774685336151
2026-03-28 14:10:35 [DiscoveryClient-HeartbeatExecutor-%d] DEBUG o.s.web.client.RestTemplate - Accept=[application/json, application/*+json]
2026-03-28 14:10:35 [DiscoveryClient-CacheRefreshExecutor-%d] DEBUG o.s.web.client.RestTemplate - Accept=[application/json, application/*+json]
2026-03-28 14:10:35 [DiscoveryClient-HeartbeatExecutor-%d] DEBUG o.s.web.client.RestTemplate - Response 200 OK
2026-03-28 14:10:35 [DiscoveryClient-CacheRefreshExecutor-%d] DEBUG o.s.web.client.RestTemplate - Response 200 OK
2026-03-28 14:10:35 [DiscoveryClient-CacheRefreshExecutor-%d] DEBUG o.s.web.client.RestTemplate - Reading to [org.springframework.cloud.netflix.eureka.http.EurekaApplications]
2026-03-28 14:11:05 [DiscoveryClient-HeartbeatExecutor-%d] DEBUG o.s.web.client.RestTemplate - HTTP PUT http://localhost:8761/eureka/apps/AUTH-SERVICE/DESKTOP-I56EJUR:auth-service:8086?status=UP&lastDirtyTimestamp=1774685336151
2026-03-28 14:11:05 [DiscoveryClient-HeartbeatExecutor-%d] DEBUG o.s.web.client.RestTemplate - Accept=[application/json, application/*+json]
2026-03-28 14:11:05 [DiscoveryClient-CacheRefreshExecutor-%d] DEBUG o.s.web.client.RestTemplate - HTTP GET http://localhost:8761/eureka/apps/delta
2026-03-28 14:11:05 [DiscoveryClient-CacheRefreshExecutor-%d] DEBUG o.s.web.client.RestTemplate - Accept=[application/json, application/*+json]
2026-03-28 14:11:05 [DiscoveryClient-HeartbeatExecutor-%d] DEBUG o.s.web.client.RestTemplate - Response 200 OK
2026-03-28 14:11:05 [DiscoveryClient-CacheRefreshExecutor-%d] DEBUG o.s.web.client.RestTemplate - Response 200 OK
2026-03-28 14:11:05 [DiscoveryClient-CacheRefreshExecutor-%d] DEBUG o.s.web.client.RestTemplate - Reading to [org.springframework.cloud.netflix.eureka.http.EurekaApplications]
2026-03-28 14:11:35 [DiscoveryClient-CacheRefreshExecutor-%d] DEBUG o.s.web.client.RestTemplate - HTTP GET http://localhost:8761/eureka/apps/delta
2026-03-28 14:11:35 [DiscoveryClient-HeartbeatExecutor-%d] DEBUG o.s.web.client.RestTemplate - HTTP PUT http://localhost:8761/eureka/apps/AUTH-SERVICE/DESKTOP-I56EJUR:auth-service:8086?status=UP&lastDirtyTimestamp=1774685336151
2026-03-28 14:11:35 [DiscoveryClient-HeartbeatExecutor-%d] DEBUG o.s.web.client.RestTemplate - Accept=[application/json, application/*+json]
2026-03-28 14:11:35 [DiscoveryClient-CacheRefreshExecutor-%d] DEBUG o.s.web.client.RestTemplate - Accept=[application/json, application/*+json]
2026-03-28 14:11:35 [DiscoveryClient-CacheRefreshExecutor-%d] DEBUG o.s.web.client.RestTemplate - Response 200 OK
2026-03-28 14:11:35 [DiscoveryClient-CacheRefreshExecutor-%d] DEBUG o.s.web.client.RestTemplate - Reading to [org.springframework.cloud.netflix.eureka.http.EurekaApplications]
2026-03-28 14:11:35 [DiscoveryClient-HeartbeatExecutor-%d] DEBUG o.s.web.client.RestTemplate - Response 200 OK
2026-03-28 14:12:05 [DiscoveryClient-CacheRefreshExecutor-%d] DEBUG o.s.web.client.RestTemplate - HTTP GET http://localhost:8761/eureka/apps/delta
2026-03-28 14:12:05 [DiscoveryClient-CacheRefreshExecutor-%d] DEBUG o.s.web.client.RestTemplate - Accept=[application/json, application/*+json]
2026-03-28 14:12:05 [DiscoveryClient-HeartbeatExecutor-%d] DEBUG o.s.web.client.RestTemplate - HTTP PUT http://localhost:8761/eureka/apps/AUTH-SERVICE/DESKTOP-I56EJUR:auth-service:8086?status=UP&lastDirtyTimestamp=1774685336151
2026-03-28 14:12:05 [DiscoveryClient-HeartbeatExecutor-%d] DEBUG o.s.web.client.RestTemplate - Accept=[application/json, application/*+json]
2026-03-28 14:12:05 [DiscoveryClient-CacheRefreshExecutor-%d] DEBUG o.s.web.client.RestTemplate - Response 200 OK
2026-03-28 14:12:05 [DiscoveryClient-CacheRefreshExecutor-%d] DEBUG o.s.web.client.RestTemplate - Reading to [org.springframework.cloud.netflix.eureka.http.EurekaApplications]
2026-03-28 14:12:05 [DiscoveryClient-HeartbeatExecutor-%d] DEBUG o.s.web.client.RestTemplate - Response 200 OK
2026-03-28 14:12:35 [DiscoveryClient-CacheRefreshExecutor-%d] DEBUG o.s.web.client.RestTemplate - HTTP GET http://localhost:8761/eureka/apps/delta
2026-03-28 14:12:35 [DiscoveryClient-CacheRefreshExecutor-%d] DEBUG o.s.web.client.RestTemplate - Accept=[application/json, application/*+json]
2026-03-28 14:12:35 [DiscoveryClient-HeartbeatExecutor-%d] DEBUG o.s.web.client.RestTemplate - HTTP PUT http://localhost:8761/eureka/apps/AUTH-SERVICE/DESKTOP-I56EJUR:auth-service:8086?status=UP&lastDirtyTimestamp=1774685336151
2026-03-28 14:12:35 [DiscoveryClient-HeartbeatExecutor-%d] DEBUG o.s.web.client.RestTemplate - Accept=[application/json, application/*+json]
2026-03-28 14:12:35 [DiscoveryClient-CacheRefreshExecutor-%d] DEBUG o.s.web.client.RestTemplate - Response 200 OK
2026-03-28 14:12:35 [DiscoveryClient-CacheRefreshExecutor-%d] DEBUG o.s.web.client.RestTemplate - Reading to [org.springframework.cloud.netflix.eureka.http.EurekaApplications]
2026-03-28 14:12:35 [DiscoveryClient-HeartbeatExecutor-%d] DEBUG o.s.web.client.RestTemplate - Response 200 OK
2026-03-28 14:13:05 [DiscoveryClient-HeartbeatExecutor-%d] DEBUG o.s.web.client.RestTemplate - HTTP PUT http://localhost:8761/eureka/apps/AUTH-SERVICE/DESKTOP-I56EJUR:auth-service:8086?status=UP&lastDirtyTimestamp=1774685336151
2026-03-28 14:13:05 [DiscoveryClient-CacheRefreshExecutor-%d] DEBUG o.s.web.client.RestTemplate - HTTP GET http://localhost:8761/eureka/apps/delta
2026-03-28 14:13:05 [DiscoveryClient-HeartbeatExecutor-%d] DEBUG o.s.web.client.RestTemplate - Accept=[application/json, application/*+json]
2026-03-28 14:13:05 [DiscoveryClient-CacheRefreshExecutor-%d] DEBUG o.s.web.client.RestTemplate - Accept=[application/json, application/*+json]
2026-03-28 14:13:05 [DiscoveryClient-HeartbeatExecutor-%d] DEBUG o.s.web.client.RestTemplate - Response 200 OK
2026-03-28 14:13:05 [DiscoveryClient-CacheRefreshExecutor-%d] DEBUG o.s.web.client.RestTemplate - Response 200 OK
2026-03-28 14:13:05 [DiscoveryClient-CacheRefreshExecutor-%d] DEBUG o.s.web.client.RestTemplate - Reading to [org.springframework.cloud.netflix.eureka.http.EurekaApplications]
2026-03-28 14:13:33 [AsyncResolver-bootstrap-executor-%d] INFO  c.n.d.s.r.aws.ConfigClusterResolver - Resolving eureka endpoints via configuration
2026-03-28 14:13:35 [DiscoveryClient-CacheRefreshExecutor-%d] DEBUG o.s.web.client.RestTemplate - HTTP GET http://localhost:8761/eureka/apps/delta
2026-03-28 14:13:35 [DiscoveryClient-CacheRefreshExecutor-%d] DEBUG o.s.web.client.RestTemplate - Accept=[application/json, application/*+json]
2026-03-28 14:13:35 [DiscoveryClient-HeartbeatExecutor-%d] DEBUG o.s.web.client.RestTemplate - HTTP PUT http://localhost:8761/eureka/apps/AUTH-SERVICE/DESKTOP-I56EJUR:auth-service:8086?status=UP&lastDirtyTimestamp=1774685336151
2026-03-28 14:13:35 [DiscoveryClient-CacheRefreshExecutor-%d] DEBUG o.s.web.client.RestTemplate - Response 200 OK
2026-03-28 14:13:35 [DiscoveryClient-CacheRefreshExecutor-%d] DEBUG o.s.web.client.RestTemplate - Reading to [org.springframework.cloud.netflix.eureka.http.EurekaApplications]
2026-03-28 14:13:35 [DiscoveryClient-HeartbeatExecutor-%d] DEBUG o.s.web.client.RestTemplate - Accept=[application/json, application/*+json]
2026-03-28 14:13:35 [DiscoveryClient-HeartbeatExecutor-%d] DEBUG o.s.web.client.RestTemplate - Response 200 OK
2026-03-28 14:14:05 [DiscoveryClient-CacheRefreshExecutor-%d] DEBUG o.s.web.client.RestTemplate - HTTP GET http://localhost:8761/eureka/apps/delta
2026-03-28 14:14:05 [DiscoveryClient-CacheRefreshExecutor-%d] DEBUG o.s.web.client.RestTemplate - Accept=[application/json, application/*+json]
2026-03-28 14:14:05 [DiscoveryClient-HeartbeatExecutor-%d] DEBUG o.s.web.client.RestTemplate - HTTP PUT http://localhost:8761/eureka/apps/AUTH-SERVICE/DESKTOP-I56EJUR:auth-service:8086?status=UP&lastDirtyTimestamp=1774685336151
2026-03-28 14:14:05 [DiscoveryClient-HeartbeatExecutor-%d] DEBUG o.s.web.client.RestTemplate - Accept=[application/json, application/*+json]
2026-03-28 14:14:05 [DiscoveryClient-CacheRefreshExecutor-%d] DEBUG o.s.web.client.RestTemplate - Response 200 OK
2026-03-28 14:14:05 [DiscoveryClient-CacheRefreshExecutor-%d] DEBUG o.s.web.client.RestTemplate - Reading to [org.springframework.cloud.netflix.eureka.http.EurekaApplications]
2026-03-28 14:14:05 [DiscoveryClient-HeartbeatExecutor-%d] DEBUG o.s.web.client.RestTemplate - Response 200 OK
2026-03-28 14:14:35 [DiscoveryClient-CacheRefreshExecutor-%d] DEBUG o.s.web.client.RestTemplate - HTTP GET http://localhost:8761/eureka/apps/delta
2026-03-28 14:14:35 [DiscoveryClient-CacheRefreshExecutor-%d] DEBUG o.s.web.client.RestTemplate - Accept=[application/json, application/*+json]
2026-03-28 14:14:35 [DiscoveryClient-HeartbeatExecutor-%d] DEBUG o.s.web.client.RestTemplate - HTTP PUT http://localhost:8761/eureka/apps/AUTH-SERVICE/DESKTOP-I56EJUR:auth-service:8086?status=UP&lastDirtyTimestamp=1774685336151
2026-03-28 14:14:35 [DiscoveryClient-HeartbeatExecutor-%d] DEBUG o.s.web.client.RestTemplate - Accept=[application/json, application/*+json]
2026-03-28 14:14:35 [DiscoveryClient-CacheRefreshExecutor-%d] DEBUG o.s.web.client.RestTemplate - Response 200 OK
2026-03-28 14:14:35 [DiscoveryClient-CacheRefreshExecutor-%d] DEBUG o.s.web.client.RestTemplate - Reading to [org.springframework.cloud.netflix.eureka.http.EurekaApplications]
2026-03-28 14:14:35 [DiscoveryClient-HeartbeatExecutor-%d] DEBUG o.s.web.client.RestTemplate - Response 200 OK
2026-03-28 14:15:05 [DiscoveryClient-CacheRefreshExecutor-%d] DEBUG o.s.web.client.RestTemplate - HTTP GET http://localhost:8761/eureka/apps/delta
2026-03-28 14:15:05 [DiscoveryClient-HeartbeatExecutor-%d] DEBUG o.s.web.client.RestTemplate - HTTP PUT http://localhost:8761/eureka/apps/AUTH-SERVICE/DESKTOP-I56EJUR:auth-service:8086?status=UP&lastDirtyTimestamp=1774685336151
2026-03-28 14:15:05 [DiscoveryClient-HeartbeatExecutor-%d] DEBUG o.s.web.client.RestTemplate - Accept=[application/json, application/*+json]
2026-03-28 14:15:05 [DiscoveryClient-CacheRefreshExecutor-%d] DEBUG o.s.web.client.RestTemplate - Accept=[application/json, application/*+json]
2026-03-28 14:15:05 [DiscoveryClient-CacheRefreshExecutor-%d] DEBUG o.s.web.client.RestTemplate - Response 200 OK
2026-03-28 14:15:05 [DiscoveryClient-HeartbeatExecutor-%d] DEBUG o.s.web.client.RestTemplate - Response 200 OK
2026-03-28 14:15:05 [DiscoveryClient-CacheRefreshExecutor-%d] DEBUG o.s.web.client.RestTemplate - Reading to [org.springframework.cloud.netflix.eureka.http.EurekaApplications]
2026-03-28 14:15:35 [DiscoveryClient-CacheRefreshExecutor-%d] DEBUG o.s.web.client.RestTemplate - HTTP GET http://localhost:8761/eureka/apps/delta
2026-03-28 14:15:35 [DiscoveryClient-HeartbeatExecutor-%d] DEBUG o.s.web.client.RestTemplate - HTTP PUT http://localhost:8761/eureka/apps/AUTH-SERVICE/DESKTOP-I56EJUR:auth-service:8086?status=UP&lastDirtyTimestamp=1774685336151
2026-03-28 14:15:35 [DiscoveryClient-CacheRefreshExecutor-%d] DEBUG o.s.web.client.RestTemplate - Accept=[application/json, application/*+json]
2026-03-28 14:15:35 [DiscoveryClient-HeartbeatExecutor-%d] DEBUG o.s.web.client.RestTemplate - Accept=[application/json, application/*+json]
2026-03-28 14:15:35 [DiscoveryClient-CacheRefreshExecutor-%d] DEBUG o.s.web.client.RestTemplate - Response 200 OK
2026-03-28 14:15:35 [DiscoveryClient-CacheRefreshExecutor-%d] DEBUG o.s.web.client.RestTemplate - Reading to [org.springframework.cloud.netflix.eureka.http.EurekaApplications]
2026-03-28 14:15:35 [DiscoveryClient-HeartbeatExecutor-%d] DEBUG o.s.web.client.RestTemplate - Response 200 OK
2026-03-28 14:16:05 [DiscoveryClient-HeartbeatExecutor-%d] DEBUG o.s.web.client.RestTemplate - HTTP PUT http://localhost:8761/eureka/apps/AUTH-SERVICE/DESKTOP-I56EJUR:auth-service:8086?status=UP&lastDirtyTimestamp=1774685336151
2026-03-28 14:16:05 [DiscoveryClient-CacheRefreshExecutor-%d] DEBUG o.s.web.client.RestTemplate - HTTP GET http://localhost:8761/eureka/apps/delta
2026-03-28 14:16:05 [DiscoveryClient-HeartbeatExecutor-%d] DEBUG o.s.web.client.RestTemplate - Accept=[application/json, application/*+json]
2026-03-28 14:16:05 [DiscoveryClient-CacheRefreshExecutor-%d] DEBUG o.s.web.client.RestTemplate - Accept=[application/json, application/*+json]
2026-03-28 14:16:05 [DiscoveryClient-HeartbeatExecutor-%d] DEBUG o.s.web.client.RestTemplate - Response 200 OK
2026-03-28 14:16:05 [DiscoveryClient-CacheRefreshExecutor-%d] DEBUG o.s.web.client.RestTemplate - Response 200 OK
2026-03-28 14:16:05 [DiscoveryClient-CacheRefreshExecutor-%d] DEBUG o.s.web.client.RestTemplate - Reading to [org.springframework.cloud.netflix.eureka.http.EurekaApplications]
2026-03-28 14:16:35 [DiscoveryClient-HeartbeatExecutor-%d] DEBUG o.s.web.client.RestTemplate - HTTP PUT http://localhost:8761/eureka/apps/AUTH-SERVICE/DESKTOP-I56EJUR:auth-service:8086?status=UP&lastDirtyTimestamp=1774685336151
2026-03-28 14:16:35 [DiscoveryClient-CacheRefreshExecutor-%d] DEBUG o.s.web.client.RestTemplate - HTTP GET http://localhost:8761/eureka/apps/delta
2026-03-28 14:16:35 [DiscoveryClient-CacheRefreshExecutor-%d] DEBUG o.s.web.client.RestTemplate - Accept=[application/json, application/*+json]
2026-03-28 14:16:35 [DiscoveryClient-HeartbeatExecutor-%d] DEBUG o.s.web.client.RestTemplate - Accept=[application/json, application/*+json]
2026-03-28 14:16:35 [DiscoveryClient-HeartbeatExecutor-%d] DEBUG o.s.web.client.RestTemplate - Response 200 OK
2026-03-28 14:16:35 [DiscoveryClient-CacheRefreshExecutor-%d] DEBUG o.s.web.client.RestTemplate - Response 200 OK
2026-03-28 14:16:35 [DiscoveryClient-CacheRefreshExecutor-%d] DEBUG o.s.web.client.RestTemplate - Reading to [org.springframework.cloud.netflix.eureka.http.EurekaApplications]
2026-03-28 14:17:05 [DiscoveryClient-CacheRefreshExecutor-%d] DEBUG o.s.web.client.RestTemplate - HTTP GET http://localhost:8761/eureka/apps/delta
2026-03-28 14:17:05 [DiscoveryClient-HeartbeatExecutor-%d] DEBUG o.s.web.client.RestTemplate - HTTP PUT http://localhost:8761/eureka/apps/AUTH-SERVICE/DESKTOP-I56EJUR:auth-service:8086?status=UP&lastDirtyTimestamp=1774685336151
2026-03-28 14:17:05 [DiscoveryClient-HeartbeatExecutor-%d] DEBUG o.s.web.client.RestTemplate - Accept=[application/json, application/*+json]
2026-03-28 14:17:05 [DiscoveryClient-CacheRefreshExecutor-%d] DEBUG o.s.web.client.RestTemplate - Accept=[application/json, application/*+json]
2026-03-28 14:17:05 [DiscoveryClient-HeartbeatExecutor-%d] DEBUG o.s.web.client.RestTemplate - Response 200 OK
2026-03-28 14:17:05 [DiscoveryClient-CacheRefreshExecutor-%d] DEBUG o.s.web.client.RestTemplate - Response 200 OK
2026-03-28 14:17:05 [DiscoveryClient-CacheRefreshExecutor-%d] DEBUG o.s.web.client.RestTemplate - Reading to [org.springframework.cloud.netflix.eureka.http.EurekaApplications]
2026-03-28 14:17:35 [DiscoveryClient-CacheRefreshExecutor-%d] DEBUG o.s.web.client.RestTemplate - HTTP GET http://localhost:8761/eureka/apps/delta
2026-03-28 14:17:35 [DiscoveryClient-HeartbeatExecutor-%d] DEBUG o.s.web.client.RestTemplate - HTTP PUT http://localhost:8761/eureka/apps/AUTH-SERVICE/DESKTOP-I56EJUR:auth-service:8086?status=UP&lastDirtyTimestamp=1774685336151
2026-03-28 14:17:35 [DiscoveryClient-CacheRefreshExecutor-%d] DEBUG o.s.web.client.RestTemplate - Accept=[application/json, application/*+json]
2026-03-28 14:17:35 [DiscoveryClient-HeartbeatExecutor-%d] DEBUG o.s.web.client.RestTemplate - Accept=[application/json, application/*+json]
2026-03-28 14:17:35 [DiscoveryClient-CacheRefreshExecutor-%d] DEBUG o.s.web.client.RestTemplate - Response 200 OK
2026-03-28 14:17:35 [DiscoveryClient-CacheRefreshExecutor-%d] DEBUG o.s.web.client.RestTemplate - Reading to [org.springframework.cloud.netflix.eureka.http.EurekaApplications]
2026-03-28 14:17:35 [DiscoveryClient-HeartbeatExecutor-%d] DEBUG o.s.web.client.RestTemplate - Response 200 OK
2026-03-28 14:18:05 [DiscoveryClient-HeartbeatExecutor-%d] DEBUG o.s.web.client.RestTemplate - HTTP PUT http://localhost:8761/eureka/apps/AUTH-SERVICE/DESKTOP-I56EJUR:auth-service:8086?status=UP&lastDirtyTimestamp=1774685336151
2026-03-28 14:18:05 [DiscoveryClient-CacheRefreshExecutor-%d] DEBUG o.s.web.client.RestTemplate - HTTP GET http://localhost:8761/eureka/apps/delta
2026-03-28 14:18:05 [DiscoveryClient-HeartbeatExecutor-%d] DEBUG o.s.web.client.RestTemplate - Accept=[application/json, application/*+json]
2026-03-28 14:18:05 [DiscoveryClient-CacheRefreshExecutor-%d] DEBUG o.s.web.client.RestTemplate - Accept=[application/json, application/*+json]
2026-03-28 14:18:05 [DiscoveryClient-HeartbeatExecutor-%d] DEBUG o.s.web.client.RestTemplate - Response 200 OK
2026-03-28 14:18:05 [DiscoveryClient-CacheRefreshExecutor-%d] DEBUG o.s.web.client.RestTemplate - Response 200 OK
2026-03-28 14:18:05 [DiscoveryClient-CacheRefreshExecutor-%d] DEBUG o.s.web.client.RestTemplate - Reading to [org.springframework.cloud.netflix.eureka.http.EurekaApplications]
2026-03-28 14:18:54 [HikariPool-1 housekeeper] WARN  com.zaxxer.hikari.pool.HikariPool - HikariPool-1 - Thread starvation or clock leap detected (housekeeper delta=56s273ms199µs199ns).
2026-03-28 14:19:17 [AsyncResolver-bootstrap-executor-%d] INFO  c.n.d.s.r.aws.ConfigClusterResolver - Resolving eureka endpoints via configuration
2026-03-28 14:19:20 [DiscoveryClient-CacheRefreshExecutor-%d] DEBUG o.s.web.client.RestTemplate - HTTP GET http://localhost:8761/eureka/apps/delta
2026-03-28 14:19:20 [DiscoveryClient-HeartbeatExecutor-%d] DEBUG o.s.web.client.RestTemplate - HTTP PUT http://localhost:8761/eureka/apps/AUTH-SERVICE/DESKTOP-I56EJUR:auth-service:8086?status=UP&lastDirtyTimestamp=1774685336151
2026-03-28 14:19:20 [DiscoveryClient-CacheRefreshExecutor-%d] DEBUG o.s.web.client.RestTemplate - Accept=[application/json, application/*+json]
2026-03-28 14:19:20 [DiscoveryClient-HeartbeatExecutor-%d] DEBUG o.s.web.client.RestTemplate - Accept=[application/json, application/*+json]
2026-03-28 14:19:20 [DiscoveryClient-HeartbeatExecutor-%d] DEBUG o.s.web.client.RestTemplate - Response 200 OK
2026-03-28 14:19:20 [DiscoveryClient-CacheRefreshExecutor-%d] DEBUG o.s.web.client.RestTemplate - Response 200 OK
2026-03-28 14:19:20 [DiscoveryClient-CacheRefreshExecutor-%d] DEBUG o.s.web.client.RestTemplate - Reading to [org.springframework.cloud.netflix.eureka.http.EurekaApplications]
2026-03-28 14:19:50 [DiscoveryClient-HeartbeatExecutor-%d] DEBUG o.s.web.client.RestTemplate - HTTP PUT http://localhost:8761/eureka/apps/AUTH-SERVICE/DESKTOP-I56EJUR:auth-service:8086?status=UP&lastDirtyTimestamp=1774685336151
2026-03-28 14:19:50 [DiscoveryClient-CacheRefreshExecutor-%d] DEBUG o.s.web.client.RestTemplate - HTTP GET http://localhost:8761/eureka/apps/delta
2026-03-28 14:19:50 [DiscoveryClient-HeartbeatExecutor-%d] DEBUG o.s.web.client.RestTemplate - Accept=[application/json, application/*+json]
2026-03-28 14:19:50 [DiscoveryClient-CacheRefreshExecutor-%d] DEBUG o.s.web.client.RestTemplate - Accept=[application/json, application/*+json]
2026-03-28 14:19:50 [DiscoveryClient-CacheRefreshExecutor-%d] DEBUG o.s.web.client.RestTemplate - Response 200 OK
2026-03-28 14:19:50 [DiscoveryClient-HeartbeatExecutor-%d] DEBUG o.s.web.client.RestTemplate - Response 200 OK
2026-03-28 14:19:50 [DiscoveryClient-CacheRefreshExecutor-%d] DEBUG o.s.web.client.RestTemplate - Reading to [org.springframework.cloud.netflix.eureka.http.EurekaApplications]
2026-03-28 14:20:20 [DiscoveryClient-CacheRefreshExecutor-%d] DEBUG o.s.web.client.RestTemplate - HTTP GET http://localhost:8761/eureka/apps/delta
2026-03-28 14:20:20 [DiscoveryClient-HeartbeatExecutor-%d] DEBUG o.s.web.client.RestTemplate - HTTP PUT http://localhost:8761/eureka/apps/AUTH-SERVICE/DESKTOP-I56EJUR:auth-service:8086?status=UP&lastDirtyTimestamp=1774685336151
2026-03-28 14:20:20 [DiscoveryClient-HeartbeatExecutor-%d] DEBUG o.s.web.client.RestTemplate - Accept=[application/json, application/*+json]
2026-03-28 14:20:20 [DiscoveryClient-CacheRefreshExecutor-%d] DEBUG o.s.web.client.RestTemplate - Accept=[application/json, application/*+json]
2026-03-28 14:20:20 [DiscoveryClient-CacheRefreshExecutor-%d] DEBUG o.s.web.client.RestTemplate - Response 200 OK
2026-03-28 14:20:20 [DiscoveryClient-HeartbeatExecutor-%d] DEBUG o.s.web.client.RestTemplate - Response 200 OK
2026-03-28 14:20:20 [DiscoveryClient-CacheRefreshExecutor-%d] DEBUG o.s.web.client.RestTemplate - Reading to [org.springframework.cloud.netflix.eureka.http.EurekaApplications]
2026-03-28 14:20:50 [DiscoveryClient-HeartbeatExecutor-%d] DEBUG o.s.web.client.RestTemplate - HTTP PUT http://localhost:8761/eureka/apps/AUTH-SERVICE/DESKTOP-I56EJUR:auth-service:8086?status=UP&lastDirtyTimestamp=1774685336151
2026-03-28 14:20:50 [DiscoveryClient-CacheRefreshExecutor-%d] DEBUG o.s.web.client.RestTemplate - HTTP GET http://localhost:8761/eureka/apps/delta
2026-03-28 14:20:50 [DiscoveryClient-CacheRefreshExecutor-%d] DEBUG o.s.web.client.RestTemplate - Accept=[application/json, application/*+json]
2026-03-28 14:20:50 [DiscoveryClient-HeartbeatExecutor-%d] DEBUG o.s.web.client.RestTemplate - Accept=[application/json, application/*+json]
2026-03-28 14:20:50 [DiscoveryClient-CacheRefreshExecutor-%d] DEBUG o.s.web.client.RestTemplate - Response 200 OK
2026-03-28 14:20:50 [DiscoveryClient-HeartbeatExecutor-%d] DEBUG o.s.web.client.RestTemplate - Response 200 OK
2026-03-28 14:20:50 [DiscoveryClient-CacheRefreshExecutor-%d] DEBUG o.s.web.client.RestTemplate - Reading to [org.springframework.cloud.netflix.eureka.http.EurekaApplications]
2026-03-28 14:21:20 [DiscoveryClient-HeartbeatExecutor-%d] DEBUG o.s.web.client.RestTemplate - HTTP PUT http://localhost:8761/eureka/apps/AUTH-SERVICE/DESKTOP-I56EJUR:auth-service:8086?status=UP&lastDirtyTimestamp=1774685336151
2026-03-28 14:21:20 [DiscoveryClient-CacheRefreshExecutor-%d] DEBUG o.s.web.client.RestTemplate - HTTP GET http://localhost:8761/eureka/apps/delta
2026-03-28 14:21:20 [DiscoveryClient-HeartbeatExecutor-%d] DEBUG o.s.web.client.RestTemplate - Accept=[application/json, application/*+json]
2026-03-28 14:21:20 [DiscoveryClient-CacheRefreshExecutor-%d] DEBUG o.s.web.client.RestTemplate - Accept=[application/json, application/*+json]
2026-03-28 14:21:20 [DiscoveryClient-CacheRefreshExecutor-%d] DEBUG o.s.web.client.RestTemplate - Response 200 OK
2026-03-28 14:21:20 [DiscoveryClient-HeartbeatExecutor-%d] DEBUG o.s.web.client.RestTemplate - Response 200 OK
2026-03-28 14:21:20 [DiscoveryClient-CacheRefreshExecutor-%d] DEBUG o.s.web.client.RestTemplate - Reading to [org.springframework.cloud.netflix.eureka.http.EurekaApplications]
2026-03-28 14:21:50 [DiscoveryClient-HeartbeatExecutor-%d] DEBUG o.s.web.client.RestTemplate - HTTP PUT http://localhost:8761/eureka/apps/AUTH-SERVICE/DESKTOP-I56EJUR:auth-service:8086?status=UP&lastDirtyTimestamp=1774685336151
2026-03-28 14:21:50 [DiscoveryClient-HeartbeatExecutor-%d] DEBUG o.s.web.client.RestTemplate - Accept=[application/json, application/*+json]
2026-03-28 14:21:50 [DiscoveryClient-CacheRefreshExecutor-%d] DEBUG o.s.web.client.RestTemplate - HTTP GET http://localhost:8761/eureka/apps/delta
2026-03-28 14:21:50 [DiscoveryClient-CacheRefreshExecutor-%d] DEBUG o.s.web.client.RestTemplate - Accept=[application/json, application/*+json]
2026-03-28 14:21:50 [DiscoveryClient-CacheRefreshExecutor-%d] DEBUG o.s.web.client.RestTemplate - Response 200 OK
2026-03-28 14:21:50 [DiscoveryClient-HeartbeatExecutor-%d] DEBUG o.s.web.client.RestTemplate - Response 200 OK
2026-03-28 14:21:50 [DiscoveryClient-CacheRefreshExecutor-%d] DEBUG o.s.web.client.RestTemplate - Reading to [org.springframework.cloud.netflix.eureka.http.EurekaApplications]
2026-03-28 14:28:22 [DiscoveryClient-HeartbeatExecutor-%d] DEBUG o.s.web.client.RestTemplate - HTTP PUT http://localhost:8761/eureka/apps/AUTH-SERVICE/DESKTOP-I56EJUR:auth-service:8086?status=UP&lastDirtyTimestamp=1774685336151
2026-03-28 14:28:22 [DiscoveryClient-CacheRefreshExecutor-%d] DEBUG o.s.web.client.RestTemplate - HTTP GET http://localhost:8761/eureka/apps/delta
2026-03-28 14:28:22 [DiscoveryClient-CacheRefreshExecutor-%d] DEBUG o.s.web.client.RestTemplate - Accept=[application/json, application/*+json]
2026-03-28 14:28:22 [DiscoveryClient-HeartbeatExecutor-%d] DEBUG o.s.web.client.RestTemplate - Accept=[application/json, application/*+json]
2026-03-28 14:28:22 [DiscoveryClient-CacheRefreshExecutor-%d] DEBUG o.s.web.client.RestTemplate - Response 200 OK
2026-03-28 14:28:22 [DiscoveryClient-CacheRefreshExecutor-%d] DEBUG o.s.web.client.RestTemplate - Reading to [org.springframework.cloud.netflix.eureka.http.EurekaApplications]
2026-03-28 14:28:22 [DiscoveryClient-HeartbeatExecutor-%d] DEBUG o.s.web.client.RestTemplate - Response 200 OK
2026-03-28 14:28:25 [SpringApplicationShutdownHook] INFO  o.s.c.n.e.s.EurekaServiceRegistry - Unregistering application AUTH-SERVICE with eureka with status DOWN
2026-03-28 14:28:25 [SpringApplicationShutdownHook] INFO  c.netflix.discovery.DiscoveryClient - Saw local status change event StatusChangeEvent [timestamp=1774688305660, current=DOWN, previous=UP]
2026-03-28 14:28:25 [DiscoveryClient-InstanceInfoReplicator-%d] INFO  c.netflix.discovery.DiscoveryClient - DiscoveryClient_AUTH-SERVICE/DESKTOP-I56EJUR:auth-service:8086: registering service...
2026-03-28 14:28:25 [DiscoveryClient-InstanceInfoReplicator-%d] DEBUG o.s.web.client.RestTemplate - HTTP POST http://localhost:8761/eureka/apps/AUTH-SERVICE
2026-03-28 14:28:25 [DiscoveryClient-InstanceInfoReplicator-%d] DEBUG o.s.web.client.RestTemplate - Accept=[application/json, application/*+json]
2026-03-28 14:28:25 [DiscoveryClient-InstanceInfoReplicator-%d] DEBUG o.s.web.client.RestTemplate - Writing [InstanceInfo [instanceId = DESKTOP-I56EJUR:auth-service:8086, appName = AUTH-SERVICE, hostName = 192.168.1.3, status = DOWN, ipAddr = 192.168.1.3, port = 8086, securePort = 443, dataCenterInfo = com.netflix.appinfo.MyDataCenterInfo@537fb7bf] as "application/json"
2026-03-28 14:28:25 [DiscoveryClient-InstanceInfoReplicator-%d] DEBUG o.s.web.client.RestTemplate - Response 204 NO_CONTENT
2026-03-28 14:28:25 [DiscoveryClient-InstanceInfoReplicator-%d] INFO  c.netflix.discovery.DiscoveryClient - DiscoveryClient_AUTH-SERVICE/DESKTOP-I56EJUR:auth-service:8086 - registration status: 204
2026-03-28 14:28:25 [SpringApplicationShutdownHook] INFO  o.s.o.j.LocalContainerEntityManagerFactoryBean - Closing JPA EntityManagerFactory for persistence unit 'default'
2026-03-28 14:28:25 [SpringApplicationShutdownHook] WARN  org.hibernate.orm.cache - HHH90001002: Attempt to restop an already stopped JCacheRegionFactory.
2026-03-28 14:28:25 [SpringApplicationShutdownHook] INFO  com.zaxxer.hikari.HikariDataSource - HikariPool-1 - Shutdown initiated...
2026-03-28 14:28:25 [SpringApplicationShutdownHook] INFO  com.zaxxer.hikari.HikariDataSource - HikariPool-1 - Shutdown completed.
2026-03-28 14:28:25 [SpringApplicationShutdownHook] INFO  c.netflix.discovery.DiscoveryClient - Shutting down DiscoveryClient ...
2026-03-28 14:28:28 [SpringApplicationShutdownHook] INFO  c.netflix.discovery.DiscoveryClient - Unregistering ...
2026-03-28 14:28:28 [SpringApplicationShutdownHook] DEBUG o.s.web.client.RestTemplate - HTTP DELETE http://localhost:8761/eureka/apps/AUTH-SERVICE/DESKTOP-I56EJUR:auth-service:8086
2026-03-28 14:28:28 [SpringApplicationShutdownHook] DEBUG o.s.web.client.RestTemplate - Accept=[application/json, application/*+json]
2026-03-28 14:28:28 [SpringApplicationShutdownHook] DEBUG o.s.web.client.RestTemplate - Response 200 OK
2026-03-28 14:28:28 [SpringApplicationShutdownHook] INFO  c.netflix.discovery.DiscoveryClient - DiscoveryClient_AUTH-SERVICE/DESKTOP-I56EJUR:auth-service:8086 - deregister  status: 200
2026-03-28 14:28:28 [SpringApplicationShutdownHook] INFO  c.netflix.discovery.DiscoveryClient - Completed shut down of DiscoveryClient
